"date","NH4_N","NO3_N","PO4_P","temperature","depth"
"1969-10-08",0.34,0.154,0.155,10.22,"0_45m"
"1970-04-01",0.078,0.598,0.152,3.8,"0_45m"
"1970-07-07",NA,0.512857142857143,0.154285714285714,9.62857142857143,"0_45m"
"1970-10-08",0.223,0.368,0.12,9.64,"0_45m"
"1971-03-29",0.25875,0.38875,0.125625,3.425,"0_45m"
"1971-07-05",NA,0.336,0.194,8.43333333333333,"0_45m"
"1971-09-21",1.495,0.24625,0.19125,8.9875,"0_45m"
"1972-03-22",0.494,0.171,0.204,4.69,"0_45m"
"1972-08-08",NA,0.19,0.1,9.2625,"0_45m"
"1972-10-03",0.65125,0.135,0.20625,8.3125,"0_45m"
"1973-02-26",0.63,0.31,0.2325,3.4875,"0_45m"
"1973-03-12",0.46625,0.28,0.2075,3.7375,"0_45m"
"1973-04-09",0.58625,0.2275,0.235,4.3625,"0_45m"
"1973-05-07",0.313,0.238,0.177,6.68,"0_45m"
"1973-06-04",0.366,0.245,0.179,9.53,"0_45m"
"1973-07-02",0.36,0.278,0.176,11.16,"0_45m"
"1973-07-30",0.46,0.298,0.1815,11.03,"0_45m"
"1973-08-27",0.5,0.248,0.17,11.75,"0_45m"
"1973-10-01",1.01375,0.24,0.21375,9.9,"0_45m"
"1973-10-22",0.8075,0.2325,0.22,7.7375,"0_45m"
"1973-11-26",0.8575,0.21,0.211875,5.8625,"0_45m"
"1973-12-17",1.3575,0.2175,0.23375,4.55,"0_45m"
"1974-01-14",0.765,0.35,0.25125,4.1125,"0_45m"
"1974-02-11",0.4775,0.46125,0.25375,4.3,"0_45m"
"1974-03-11",0.32125,0.51625,0.21,3.9375,"0_45m"
"1974-04-08",0.288,0.451,0.211,6.45,"0_45m"
"1974-07-16",0.451,NA,0.191,11.08,"0_45m"
"1974-09-03",0.585,0.22,0.225,11.06,"0_45m"
"1975-02-20",0.12,0.576,0.2162,4.12,"0_45m"
"1975-03-20",0.016,0.712,0.1917,4.15,"0_45m"
"1975-03-25",0.2975,0.5025,0.23625,4.6125,"0_45m"
"1975-04-16",0.027,0.766,0.2142,5.08,"0_45m"
"1975-05-15",0.051,0.764,0.2089,8.63,"0_45m"
"1975-06-17",0.096,0.49,0.178,11.95,"0_45m"
"1975-07-15",0.037,0.636,0.1618,13.43,"0_45m"
"1975-08-13",0.081,0.458,0.1422,13.96,"0_45m"
"1975-09-10",0.07,0.521,0.1421,13.02,"0_45m"
"1975-09-15",0.35375,0.4025,0.2275,9.1875,"0_45m"
"1975-10-08",0.136,0.438,0.1416,11.64,"0_45m"
"1975-11-04",0.144,0.444,0.1513,8.59,"0_45m"
"1975-12-17",0.128,0.572,0.2003,4.97,"0_45m"
"1976-01-28",0.068,0.659,0.2226,3.15,"0_45m"
"1976-03-10",0.009,0.684,0.1994,2.92,"0_45m"
"1976-03-22",0.00833333333333333,0.571666666666667,0.213333333333333,3.825,"0_45m"
"1976-07-19",0.24,0.645,0.3015,11.1153846153846,"0_45m"
"1976-08-16",0.2775,0.6,0.343125,9.86153846153846,"0_45m"
"1976-09-13",0.31125,0.5075,0.3485,6,"0_45m"
"1976-10-11",0.388181818181818,0.33,0.291272727272727,9.27142857142857,"0_45m"
"1976-11-08",0.5175,0.0425,0.3575,5.05555555555556,"0_45m"
"1976-12-06",0.6625,0.31125,0.382875,4.55555555555556,"0_45m"
"1977-01-03",0.585,0.24375,0.35925,4.13333333333333,"0_45m"
"1977-01-31",0.485,0.30375,0.34975,3.91111111111111,"0_45m"
"1977-03-07",0.200909090909091,0.445454545454545,0.270181818181818,4.15,"0_45m"
"1977-05-02",0.05625,0.4975,0.2885,5.01111111111111,"0_45m"
"1977-06-27",0.33625,0.39625,0.24475,9.56153846153846,"0_45m"
"1977-09-21",0.46875,0.32,0.23125,8.4875,"0_45m"
"1978-01-09",NA,NA,NA,4.30689655172414,"0_45m"
"1978-01-23",NA,0.34375,NA,3.91935483870968,"0_45m"
"1978-02-06",0.163333333333333,0.433333333333333,0.202,3.55483870967742,"0_45m"
"1978-03-06",0.392727272727273,0.405454545454545,0.219636363636364,3.39166666666667,"0_45m"
"1978-03-22",0.21,0.421428571428571,0.192785714285714,4.07692307692308,"0_45m"
"1978-04-03",0.2725,0.4275,0.190166666666667,4.42222222222222,"0_45m"
"1978-04-14",0.258461538461538,0.396923076923077,0.192615384615385,4.72142857142857,"0_45m"
"1978-04-24",0.272307692307692,0.401538461538462,0.201076923076923,5.41666666666667,"0_45m"
"1978-04-27",NA,NA,NA,5.908,"0_45m"
"1978-05-12",NA,NA,NA,6.00740740740741,"0_45m"
"1978-05-26",0.14,0.451666666666667,0.200166666666667,7.525,"0_45m"
"1978-06-04",0.125833333333333,0.4225,0.188333333333333,8.28709677419355,"0_45m"
"1978-06-15",0.159166666666667,0.415,0.176166666666667,9.303125,"0_45m"
"1978-06-25",0.2225,0.4,0.199666666666667,8.70909090909091,"0_45m"
"1978-07-05",0.1725,0.416666666666667,0.191583333333333,9.15588235294118,"0_45m"
"1978-07-17",0.221666666666667,0.343333333333333,0.187833333333333,9.96969696969697,"0_45m"
"1978-07-31",0.36,0.270833333333333,0.178333333333333,11.0161290322581,"0_45m"
"1978-08-22",0.350833333333333,0.3475,0.222333333333333,10.7612903225806,"0_45m"
"1978-09-04",0.445,0.230833333333333,0.20275,10.20625,"0_45m"
"1978-09-18",0.715,0.264166666666667,0.222666666666667,10.4466666666667,"0_45m"
"1978-10-02",0.836666666666667,0.243333333333333,0.230416666666667,9.81333333333333,"0_45m"
"1978-10-16",0.884166666666667,0.2075,0.236,9.15,"0_45m"
"1978-10-30",0.976923076923077,0.172307692307692,0.261538461538462,8.27666666666667,"0_45m"
"1978-11-20",0.819166666666667,0.165833333333333,0.26,6.83793103448276,"0_45m"
"1978-12-11",0.896666666666667,0.174166666666667,0.270083333333333,4.6448275862069,"0_45m"
"1979-01-06",0.381666666666667,0.245,0.206,2.8,"0_45m"
"1979-01-15",0.521666666666667,0.2125,0.237166666666667,3.01724137931034,"0_45m"
"1979-02-06",0.450833333333333,NA,0.214166666666667,2.759375,"0_45m"
"1979-03-04",0.338181818181818,0.451818181818182,0.210272727272727,2.75769230769231,"0_45m"
"1979-04-02",0.0633333333333333,0.705,0.202083333333333,3.97692307692308,"0_45m"
"1979-08-07",0.285,0.343333333333333,0.184166666666667,11.4166666666667,"0_45m"
"1979-09-25",0.33125,0.34875,0.23,8.8875,"0_45m"
"1980-03-25",0.156,0.578,0.202,4.5,"0_45m"
"1980-07-23",0.296363636363636,0.454545454545455,0.191818181818182,9.9,"0_45m"
"1980-10-08",0.275714285714286,0.4,0.195428571428571,9.41428571428571,"0_45m"
"1981-03-23",0.424444444444444,0.592222222222222,0.229555555555556,3.97777777777778,"0_45m"
"1981-10-14",0.65625,0.38125,0.26525,7.875,"0_45m"
"1982-03-17",0.176666666666667,0.798333333333333,0.21375,3.53333333333333,"0_45m"
"1982-03-31",NA,NA,NA,4.06,"0_45m"
"1982-04-14",0.0375,0.891666666666667,0.192083333333333,4.8,"0_45m"
"1982-04-28",NA,NA,NA,5.73636363636364,"0_45m"
"1982-05-12",0.0441666666666667,0.919166666666667,0.194916666666667,6.59166666666667,"0_45m"
"1982-05-26",NA,NA,NA,10.025,"0_45m"
"1982-06-09",0.0783333333333333,0.83,0.196916666666667,9.40833333333333,"0_45m"
"1982-06-23",NA,NA,NA,9.64166666666667,"0_45m"
"1982-07-07",0.1975,0.6225,0.188666666666667,10.35,"0_45m"
"1982-08-04",0.2275,0.565,0.18625,10.1333333333333,"0_45m"
"1982-08-18",NA,NA,NA,11.9,"0_45m"
"1982-09-01",0.271666666666667,0.523333333333333,0.2035,10.5230769230769,"0_45m"
"1982-09-15",NA,NA,NA,10.9461538461538,"0_45m"
"1982-09-29",0.335833333333333,0.481666666666667,0.213666666666667,10.5692307692308,"0_45m"
"1982-10-13",NA,NA,NA,11.6375,"0_45m"
"1982-10-27",0.344166666666667,0.5625,0.206916666666667,8.05,"0_45m"
"1982-11-10",NA,NA,NA,8.67,"0_45m"
"1982-11-24",0.375,0.564166666666667,0.224833333333333,6.41666666666667,"0_45m"
"1982-12-08",NA,NA,NA,6.76666666666667,"0_45m"
"1982-12-22",NA,NA,NA,5.79,"0_45m"
"1983-01-03",NA,NA,NA,4.95555555555556,"0_45m"
"1983-01-17",0.368333333333333,0.649166666666667,0.23925,4.6,"0_45m"
"1983-02-07",NA,NA,NA,4.16666666666667,"0_45m"
"1983-02-21",0.186666666666667,0.885,0.228833333333333,3.425,"0_45m"
"1983-03-07",NA,NA,NA,3.46,"0_45m"
"1983-03-21",0.143333333333333,0.973333333333333,0.199916666666667,4.28333333333333,"0_45m"
"1983-04-05",NA,NA,NA,4.82,"0_45m"
"1983-04-18",0.0425,0.9375,0.183833333333333,5.625,"0_45m"
"1983-05-02",NA,NA,NA,7.09166666666667,"0_45m"
"1983-05-24",0.0758333333333333,0.910833333333333,0.19175,7.73333333333333,"0_45m"
"1983-07-29",NA,NA,NA,10.5125,"0_45m"
"1983-10-10",0.3725,0.5525,0.197,9.1375,"0_45m"
"1983-12-15",NA,NA,NA,5,"0_45m"
"1984-01-23",NA,NA,NA,3.9125,"0_45m"
"1984-02-23",NA,NA,NA,3.1875,"0_45m"
"1984-03-23",0.0783333333333333,0.903333333333333,0.192333333333333,3.875,"0_45m"
"1984-04-17",NA,NA,NA,4.675,"0_45m"
"1984-06-19",NA,NA,NA,8.7375,"0_45m"
"1984-09-26",0.190833333333333,0.5225,0.155,9.10833333333333,"0_45m"
"1984-12-18",NA,NA,NA,5.7875,"0_45m"
"1985-03-20",0.178,0.664,0.1891,3.45,"0_45m"
"1985-04-15",0.101230769230769,0.588461538461538,0.154076923076923,4.92307692307692,"0_45m"
"1985-04-29",NA,NA,NA,6.51764705882353,"0_45m"
"1985-05-13",0.118230769230769,0.477153846153846,0.127538461538462,6.68461538461538,"0_45m"
"1985-05-28",NA,NA,NA,10.3235294117647,"0_45m"
"1985-06-10",0.128615384615385,0.486384615384615,0.125,8.94615384615385,"0_45m"
"1985-06-24",NA,NA,NA,10.7176470588235,"0_45m"
"1985-07-08",0.143923076923077,0.363615384615385,0.126230769230769,12.2411764705882,"0_45m"
"1985-07-22",NA,NA,NA,13.0647058823529,"0_45m"
"1985-08-05",0.174083333333333,0.3415,0.1245,12.9882352941176,"0_45m"
"1985-08-19",NA,NA,NA,12.8882352941176,"0_45m"
"1985-09-02",0.191615384615385,0.349,0.143615384615385,12.5529411764706,"0_45m"
"1985-09-16",NA,NA,NA,11.6588235294118,"0_45m"
"1985-09-30",0.228,0.278615384615385,0.147153846153846,12.2294117647059,"0_45m"
"1985-10-14",NA,NA,NA,11.1176470588235,"0_45m"
"1985-10-28",0.337923076923077,0.292615384615385,0.172692307692308,8.84705882352941,"0_45m"
"1985-11-11",NA,NA,NA,7.85882352941176,"0_45m"
"1985-11-25",0.337923076923077,0.356153846153846,0.181461538461538,5.87058823529412,"0_45m"
"1985-12-16",0.345153846153846,0.364384615384615,0.195384615384615,4.94705882352941,"0_45m"
"1986-01-06",0.174153846153846,0.443846153846154,0.155461538461538,4.33076923076923,"0_45m"
"1986-01-20",0.129076923076923,0.530846153846154,0.153153846153846,3.98823529411765,"0_45m"
"1986-02-03",NA,NA,NA,3.5,"0_45m"
"1986-04-01",0.0234615384615385,0.749,0.146461538461538,3.72352941176471,"0_45m"
"1986-04-14",0.0208461538461538,0.779846153846154,0.147538461538462,4.29411764705882,"0_45m"
"1986-04-28",NA,NA,NA,5.58823529411765,"0_45m"
"1986-05-12",0.0797692307692308,0.630846153846154,0.121,8.53529411764706,"0_45m"
"1986-05-26",NA,NA,NA,9.82941176470588,"0_45m"
"1986-06-09",0.0935384615384615,0.926076923076923,0.138076923076923,9.17058823529412,"0_45m"
"1986-06-23",NA,NA,NA,12.0588235294118,"0_45m"
"1986-07-07",0.0806153846153846,0.991615384615385,0.136615384615385,12.5882352941176,"0_45m"
"1986-07-21",NA,NA,NA,12.0588235294118,"0_45m"
"1986-08-04",0.133076923076923,0.823692307692308,0.135,13.7352941176471,"0_45m"
"1986-08-18",NA,NA,NA,12.9823529411765,"0_45m"
"1986-09-01",0.208142857142857,0.753071428571429,0.153428571428571,11.2444444444444,"0_45m"
"1986-09-08",0.1965,NA,NA,9.97142857142857,"0_45m"
"1986-09-15",0.222714285714286,NA,NA,11.1611111111111,"0_45m"
"1986-09-29",0.257785714285714,0.715071428571429,0.156142857142857,10.6111111111111,"0_45m"
"1986-10-13",0.258857142857143,NA,NA,10.2888888888889,"0_45m"
"1986-10-27",0.304285714285714,0.688214285714286,0.155357142857143,8.93888888888889,"0_45m"
"1986-11-10",NA,NA,NA,7.86111111111111,"0_45m"
"1986-11-24",0.189285714285714,0.725357142857143,0.169357142857143,7.17777777777778,"0_45m"
"1986-12-15",0.0614285714285714,0.917642857142857,0.168571428571429,5.89444444444444,"0_45m"
"1986-12-29",NA,NA,NA,5.14666666666667,"0_45m"
"1987-01-19",0.00554545454545455,1.06927272727273,0.150727272727273,3.21538461538462,"0_45m"
"1987-02-16",0.007,1.07083333333333,0.145833333333333,3.07857142857143,"0_45m"
"1987-03-16",0.0114166666666667,1.11741666666667,0.143166666666667,3.01428571428571,"0_45m"
"1987-04-13",0.0182857142857143,1.11142857142857,0.133928571428571,4.26111111111111,"0_45m"
"1987-04-27",NA,NA,NA,6.65555555555556,"0_45m"
"1987-05-11",0.100928571428571,0.985214285714286,0.128571428571429,7.24444444444444,"0_45m"
"1987-05-25",NA,NA,NA,8.23888888888889,"0_45m"
"1987-06-09",0.0684285714285714,1.08357142857143,0.131,9.30555555555556,"0_45m"
"1987-06-22",NA,NA,NA,9.68888888888889,"0_45m"
"1987-07-06",0.0466428571428571,1.18835714285714,0.125357142857143,11.8055555555556,"0_45m"
"1987-07-20",NA,NA,NA,12.0166666666667,"0_45m"
"1987-08-03",0.0695,0.958571428571429,0.128357142857143,11.5722222222222,"0_45m"
"1987-08-17",NA,NA,NA,12.6166666666667,"0_45m"
"1987-08-31",0.0322142857142857,0.931857142857143,0.133142857142857,12.2388888888889,"0_45m"
"1987-09-14",NA,NA,NA,12.05,"0_45m"
"1987-09-28",0.037,0.971,0.130285714285714,11.3333333333333,"0_45m"
"1987-10-12",NA,NA,NA,9.78333333333333,"0_45m"
"1987-10-26",0.0365,1.00707142857143,0.134071428571429,9.31111111111111,"0_45m"
"1987-11-09",NA,NA,NA,8.22777777777778,"0_45m"
"1987-11-23",0.005,1.1055,0.137214285714286,7.15555555555556,"0_45m"
"1987-12-14",0.008,1.12809090909091,0.128818181818182,5.93333333333333,"0_45m"
"1988-01-18",0.00390909090909091,1.15118181818182,0.129181818181818,5.13888888888889,"0_45m"
"1988-02-15",0.00490909090909091,1.23663636363636,0.126727272727273,4.56111111111111,"0_45m"
"1988-03-14",0.0118181818181818,1.18818181818182,0.116090909090909,4.3,"0_45m"
"1988-04-11",0.0357142857142857,1.23242857142857,0.105714285714286,5.75555555555556,"0_45m"
"1988-04-25",NA,NA,NA,7.06,"0_45m"
"1988-05-16",NA,NA,NA,8.84,"0_45m"
"1988-06-06",0.0209333333333333,1.13586666666667,0.0978,8.83333333333333,"0_45m"
"1988-07-18",NA,NA,NA,10.1133333333333,"0_45m"
"1988-08-29",0.0475714285714286,0.910785714285714,0.1145,10.46,"0_45m"
"1988-09-26",NA,NA,NA,9.85333333333333,"0_45m"
"1988-10-24",0.0446666666666667,0.9302,0.105,8.99333333333333,"0_45m"
"1988-11-23",NA,NA,NA,6.80666666666667,"0_45m"
"1988-12-12",0.00864285714285714,1.12328571428571,0.0927142857142857,6.3,"0_45m"
"1989-01-30",NA,NA,NA,4.7,"0_45m"
"1989-03-28",0.0076,1.1398,0.0925333333333333,5.56666666666667,"0_45m"
"1989-04-17",NA,NA,NA,6.37333333333333,"0_45m"
"1989-05-22",NA,NA,NA,9.31333333333333,"0_45m"
"1989-06-19",0.029,0.904133333333333,0.0923333333333333,10.36,"0_45m"
"1989-07-24",NA,NA,NA,11.36,"0_45m"
"1989-08-14",NA,NA,NA,11.22,"0_45m"
"1989-09-11",0.0182,0.881733333333333,0.0868666666666667,10.82,"0_45m"
"1989-10-09",NA,NA,NA,9.61333333333333,"0_45m"
"1989-11-06",0.0378666666666667,0.825,0.0908666666666667,8.73333333333333,"0_45m"
"1989-12-04",NA,NA,NA,6.56666666666667,"0_45m"
"1990-01-08",0.0022,0.956266666666667,0.0947333333333333,5.05333333333333,"0_45m"
"1990-02-19",NA,NA,NA,4.68,"0_45m"
"1990-04-02",0.0246,1.00813333333333,0.0786666666666667,5.87333333333333,"0_45m"
"1990-04-30",NA,NA,NA,7.13333333333333,"0_45m"
"1990-05-28",0.0631428571428571,0.919285714285714,0.0781428571428571,9.88571428571429,"0_45m"
"1990-06-25",NA,NA,NA,10.38,"0_45m"
"1990-07-23",NA,NA,NA,11.94,"0_45m"
"1990-08-20",0.0747333333333333,0.7154,0.0926,11.5266666666667,"0_45m"
"1990-09-17",NA,NA,NA,10.8133333333333,"0_45m"
"1990-10-15",0.0328666666666667,0.7456,0.0844666666666667,10.0133333333333,"0_45m"
"1990-11-12",NA,NA,NA,7.86,"0_45m"
"1990-12-10",0.00886666666666667,0.912266666666667,0.0892,6.5,"0_45m"
"1991-01-07",NA,NA,NA,5.22,"0_45m"
"1991-02-18",NA,NA,NA,3.19333333333333,"0_45m"
"1991-03-25",0.0124,1.04353333333333,0.0848666666666667,4.41333333333333,"0_45m"
"1991-04-30",NA,NA,0.0638,6.36,"0_45m"
"1991-05-27",0.0578,0.959333333333333,0.0822,7.80666666666667,"0_45m"
"1991-06-24",NA,NA,NA,9.77333333333333,"0_45m"
"1991-07-22",NA,NA,NA,11.0466666666667,"0_45m"
"1991-08-19",0.0411333333333333,0.772533333333333,0.0821333333333333,11.3466666666667,"0_45m"
"1991-09-16",NA,NA,NA,10.8,"0_45m"
"1991-10-14",0.0178,0.757066666666667,0.0724,9.6,"0_45m"
"1991-11-11",NA,NA,NA,7.14,"0_45m"
"1991-12-09",0.0206,0.8418,0.0700666666666667,5.96666666666667,"0_45m"
"1992-01-06",NA,NA,NA,4.49333333333333,"0_45m"
"1992-02-17",NA,NA,NA,3.39333333333333,"0_45m"
"1992-03-30",0.0146666666666667,0.935866666666667,0.0696,4.55333333333333,"0_45m"
"1992-04-27",NA,NA,NA,6.62666666666667,"0_45m"
"1992-05-25",0.0924,0.7212,0.0665333333333333,9.26666666666667,"0_45m"
"1992-06-22",NA,NA,NA,9.48666666666667,"0_45m"
"1992-07-20",NA,NA,NA,10.9066666666667,"0_45m"
"1992-08-17",0.0722666666666667,0.7588,0.0784,11.22,"0_45m"
"1992-09-14",NA,NA,NA,10.6,"0_45m"
"1992-10-12",0.0340666666666667,0.7348,0.0790666666666667,9.36,"0_45m"
"1992-11-09",NA,NA,NA,7.36,"0_45m"
"1992-12-07",0.00446666666666667,0.912133333333333,0.0747333333333333,6.73333333333333,"0_45m"
"1993-01-11",NA,NA,NA,4.54666666666667,"0_45m"
"1993-02-15",NA,NA,NA,4.48,"0_45m"
"1993-03-29",0.0158,0.951,0.0536,4.54,"0_45m"
"1993-04-19",NA,NA,0.0511428571428571,5.76,"0_45m"
"1993-05-24",0.184333333333333,0.717533333333333,0.0614666666666667,8.78,"0_45m"
"1993-06-28",NA,0.702266666666667,0.0598,10.2666666666667,"0_45m"
"1993-07-19",NA,0.736,0.0660666666666667,10.4933333333333,"0_45m"
"1993-08-23",0.0929285714285714,0.638642857142857,0.0715714285714286,11.3933333333333,"0_45m"
"1993-09-13",NA,0.777466666666667,0.0857333333333333,9.97333333333333,"0_45m"
"1993-10-11",0.0754666666666667,0.668466666666667,0.0741333333333333,9.05333333333333,"0_45m"
"1993-11-08",NA,0.8182,0.0817333333333333,7.34666666666667,"0_45m"
"1993-12-06",0.014,1.005,0.0877333333333333,5.40666666666667,"0_45m"
"1994-01-03",NA,NA,NA,4.81333333333333,"0_45m"
"1994-02-14",NA,NA,NA,4.1,"0_45m"
"1994-03-28",0.00826666666666667,1.06846666666667,0.0549333333333333,5.5,"0_45m"
"1994-04-25",NA,NA,NA,6.85333333333333,"0_45m"
"1994-05-24",0.0391333333333333,0.951466666666667,0.0507333333333333,8.98,"0_45m"
"1994-06-21",NA,NA,NA,10.0666666666667,"0_45m"
"1994-07-18",NA,NA,NA,11.72,"0_45m"
"1994-08-15",0.0565333333333333,0.8422,0.0647333333333333,11.1733333333333,"0_45m"
"1994-09-12",NA,NA,NA,10.7666666666667,"0_45m"
"1994-10-10",0.0382,0.8266,0.0751333333333333,9.44666666666667,"0_45m"
"1994-11-07",NA,NA,NA,8.51333333333333,"0_45m"
"1994-12-05",0.006,0.916,0.0616666666666667,7.43333333333333,"0_45m"
"1995-01-17",NA,NA,NA,4.89333333333333,"0_45m"
"1995-02-20",NA,NA,NA,5.08666666666667,"0_45m"
"1995-04-03",0.0121333333333333,1.06806666666667,0.0447333333333333,5.72666666666667,"0_45m"
"1995-05-03",NA,NA,NA,7.8,"0_45m"
"1995-05-29",0.0160666666666667,0.9958,0.0345333333333333,9.66,"0_45m"
"1995-06-26",NA,NA,NA,10.4466666666667,"0_45m"
"1995-07-24",NA,NA,NA,11.6266666666667,"0_45m"
"1995-08-21",0.0293333333333333,0.672533333333333,0.055,11.7733333333333,"0_45m"
"1995-09-18",NA,NA,NA,10.66,"0_45m"
"1995-10-16",0.0352666666666667,0.802466666666667,0.0605333333333333,10.24,"0_45m"
"1995-11-13",NA,NA,NA,8.36,"0_45m"
"1995-12-11",0.00911111111111111,0.964666666666667,0.051,6.8,"0_45m"
"1996-01-08",NA,NA,NA,5.22,"0_45m"
"1996-02-19",NA,NA,NA,3.64,"0_45m"
"1996-04-01",0.0151333333333333,1.02606666666667,0.0407333333333333,4.43333333333333,"0_45m"
"1996-04-29",NA,NA,NA,7.15333333333333,"0_45m"
"1996-05-28",0.0149333333333333,0.886533333333333,0.0262,8.12666666666667,"0_45m"
"1996-06-24",NA,NA,NA,9.66,"0_45m"
"1996-07-22",NA,NA,NA,10.1466666666667,"0_45m"
"1996-08-19",0.0302666666666667,0.6878,0.0464666666666667,10.7533333333333,"0_45m"
"1996-09-16",NA,NA,NA,9.39333333333333,"0_45m"
"1996-10-14",0.0182666666666667,0.704733333333333,0.0371333333333333,8.56,"0_45m"
"1996-11-11",NA,NA,NA,7.56,"0_45m"
"1996-12-09",0.0116666666666667,0.794333333333333,0.0307333333333333,6.18,"0_45m"
"1997-01-07",NA,NA,NA,4.06,"0_45m"
"1997-02-17",NA,NA,NA,3.5,"0_45m"
"1997-04-01",0.0193333333333333,0.818,0.0171333333333333,5.35333333333333,"0_45m"
"1997-04-28",NA,NA,NA,6.97333333333333,"0_45m"
"1997-05-26",0.035,0.745333333333333,0.0241333333333333,9.10666666666667,"0_45m"
"1997-06-23",NA,NA,NA,10.3,"0_45m"
"1997-07-21",NA,NA,NA,10.8333333333333,"0_45m"
"1997-08-18",0.0225333333333333,0.617333333333333,0.0374,12.36,"0_45m"
"1997-09-15",NA,NA,NA,11.2866666666667,"0_45m"
"1997-10-20",0.0215333333333333,0.588666666666667,0.0285333333333333,9.34666666666667,"0_45m"
"1997-11-10",NA,NA,NA,7.34,"0_45m"
"1997-12-08",0.0157333333333333,0.684666666666667,0.0218666666666667,6.49333333333333,"0_45m"
"1998-03-30",0.0144666666666667,0.742,0.0149333333333333,5.58,"0_45m"
"1998-04-27",NA,NA,NA,7.34,"0_45m"
"1998-05-25",0.0078,0.683333333333333,0.0173333333333333,9.28,"0_45m"
"1998-06-22",NA,NA,NA,10.52,"0_45m"
"1998-07-20",NA,NA,NA,11.0333333333333,"0_45m"
"1998-08-13",0.0352,0.535333333333333,0.0357333333333333,11.8533333333333,"0_45m"
"1998-09-14",NA,NA,NA,10.6533333333333,"0_45m"
"1998-10-12",0.00807142857142857,0.547857142857143,0.0359285714285714,9.16666666666667,"0_45m"
"1998-11-09",NA,NA,NA,8.02,"0_45m"
"1998-12-03",0.0168666666666667,0.614666666666667,0.0306,6.33333333333333,"0_45m"
"1999-01-08",NA,NA,NA,4.86,"0_45m"
"1999-02-24",NA,NA,NA,3.24,"0_45m"
"1999-03-29",0.0223333333333333,0.749333333333333,0.0166,4.52,"0_45m"
"1999-04-26",NA,NA,NA,6.12,"0_45m"
"1999-05-25",0.0114666666666667,0.732,0.0184,8.15333333333333,"0_45m"
"1999-06-21",NA,NA,NA,9.63333333333333,"0_45m"
"1999-07-19",NA,NA,NA,9.88,"0_45m"
"1999-08-16",0.0761333333333333,0.62,0.0315333333333333,10.62,"0_45m"
"1999-09-13",NA,NA,NA,10.5133333333333,"0_45m"
"1999-10-11",0.0858666666666667,0.558,0.0402,8.97333333333333,"0_45m"
"1999-11-08",NA,NA,NA,7.89333333333333,"0_45m"
"1999-12-06",0.0167333333333333,0.77,0.0315333333333333,6.09333333333333,"0_45m"
"2000-01-10",NA,NA,NA,4.82,"0_45m"
"2000-02-21",NA,NA,NA,3.99333333333333,"0_45m"
"2000-04-04",0.0104666666666667,0.77,0.0115333333333333,5.68,"0_45m"
"2000-05-02",NA,NA,NA,7.76666666666667,"0_45m"
"2000-06-05",0.0501333333333333,0.616866666666667,0.0255333333333333,9.84,"0_45m"
"2000-06-26",NA,NA,NA,10.24,"0_45m"
"2000-07-26",NA,NA,NA,10.5,"0_45m"
"2000-08-21",0.0723333333333333,0.68,0.0379333333333333,10.8533333333333,"0_45m"
"2000-09-18",NA,NA,NA,10.6666666666667,"0_45m"
"2000-10-16",0.0485333333333333,0.57,0.038,9.17333333333333,"0_45m"
"2000-11-13",NA,NA,NA,7.81333333333333,"0_45m"
"2000-12-11",0.0264666666666667,0.673333333333333,0.0296,7.1,"0_45m"
"2001-01-08",NA,NA,NA,6.08666666666667,"0_45m"
"2001-02-19",NA,NA,NA,5.10066666666667,"0_45m"
"2001-04-02",0.0232666666666667,0.756666666666667,0.016,6.29933333333333,"0_45m"
"2001-04-30",NA,NA,NA,7.444,"0_45m"
"2001-05-28",0.0428666666666667,0.660666666666667,0.0306666666666667,9.81,"0_45m"
"2001-06-25",NA,NA,NA,10.63,"0_45m"
"2001-07-23",NA,NA,NA,11.2026666666667,"0_45m"
"2001-08-20",0.0986,0.455333333333333,0.0428,12.0373333333333,"0_45m"
"2001-09-17",NA,NA,NA,10.1846666666667,"0_45m"
"2001-10-15",0.100933333333333,0.453333333333333,0.0404666666666667,10.126,"0_45m"
"2001-11-12",NA,NA,NA,8.246,"0_45m"
"2001-12-10",0.00166666666666667,0.572,0.0163333333333333,6.97133333333333,"0_45m"
"2002-01-07",NA,NA,NA,4.402,"0_45m"
"2002-02-19",NA,NA,NA,4.39333333333333,"0_45m"
"2002-04-02",0.0364,0.559333333333333,0.00533333333333333,6.02666666666667,"0_45m"
"2002-04-30",NA,NA,NA,7.35,"0_45m"
"2002-05-27",0.028,0.384166666666667,0.013,9.32466666666667,"0_45m"
"2002-06-24",NA,NA,NA,11.3626666666667,"0_45m"
"2002-07-22",NA,NA,NA,11.192,"0_45m"
"2002-08-19",0.0592,0.474,0.0324,11.6573333333333,"0_45m"
"2002-09-16",NA,NA,NA,10.7613333333333,"0_45m"
"2002-10-14",0.0848,0.542666666666667,0.0426666666666667,9.34133333333333,"0_45m"
"2002-11-12",NA,NA,NA,7.99133333333333,"0_45m"
"2002-12-09",0.0414,0.669333333333333,0.0312,7.31133333333333,"0_45m"
"2003-01-08",NA,NA,NA,6.34933333333333,"0_45m"
"2003-02-25",NA,NA,NA,3.70333333333333,"0_45m"
"2003-04-02",0.0233333333333333,0.758666666666667,0.00686666666666667,5.042,"0_45m"
"2003-04-30",NA,NA,NA,7.398,"0_45m"
"2003-06-02",0.149133333333333,0.520666666666667,0.0318,9.27733333333333,"0_45m"
"2003-06-25",NA,NA,NA,11.042,"0_45m"
"2003-07-23",NA,NA,NA,11.452,"0_45m"
"2003-08-20",0.0542857142857143,0.487142857142857,0.0389285714285714,11.8766666666667,"0_45m"
"2003-09-17",NA,NA,NA,10.458,"0_45m"
"2003-10-15",0.0456666666666667,0.583333333333333,0.0387333333333333,9.084,"0_45m"
"2003-11-12",NA,NA,NA,6.99733333333333,"0_45m"
"2003-12-10",0.0147333333333333,0.692,0.0249333333333333,6.25866666666667,"0_45m"
"2004-01-07",NA,NA,NA,4.77733333333333,"0_45m"
"2004-02-17",NA,NA,NA,4.19133333333333,"0_45m"
"2004-03-31",0.0107333333333333,0.635333333333333,0.0074,4.85,"0_45m"
"2004-04-28",NA,NA,NA,7.006,"0_45m"
"2004-05-26",0.0274666666666667,0.574,0.0157333333333333,8.47666666666667,"0_45m"
"2004-06-23",NA,NA,NA,9.54733333333333,"0_45m"
"2004-07-21",NA,NA,NA,10.848,"0_45m"
"2004-08-18",0.0896666666666667,0.492666666666667,0.0338666666666667,11.2046666666667,"0_45m"
"2004-09-15",NA,NA,NA,10.9106666666667,"0_45m"
"2004-10-13",0.0468666666666667,0.486,0.0317333333333333,9.55133333333333,"0_45m"
"2004-11-10",NA,NA,NA,8.10333333333333,"0_45m"
"2004-12-15",0.0287333333333333,0.614666666666667,0.0245333333333333,6.07133333333333,"0_45m"
"2005-01-12",NA,NA,NA,5.02533333333333,"0_45m"
"2005-02-24",NA,NA,NA,3.54933333333333,"0_45m"
"2005-03-30",0.0176666666666667,0.603333333333333,0.003,4.69333333333333,"0_45m"
"2005-04-27",NA,NA,NA,6.50733333333333,"0_45m"
"2005-05-25",0.0308,0.581333333333333,0.0177333333333333,8.232,"0_45m"
"2005-06-22",NA,NA,NA,10.244,"0_45m"
"2005-07-20",NA,NA,NA,10.8026666666667,"0_45m"
"2005-08-17",0.0706666666666667,0.602,0.0328,10.524,"0_45m"
"2005-09-14",NA,NA,NA,10.9886666666667,"0_45m"
"2005-10-12",0.0546666666666667,0.629333333333333,0.0251333333333333,9.50333333333333,"0_45m"
"2005-11-09",NA,NA,NA,8.53866666666667,"0_45m"
"2005-12-14",0.0221333333333333,0.712666666666667,0.0166666666666667,5.75333333333333,"0_45m"
"2006-01-11",NA,NA,NA,4.206,"0_45m"
"2006-02-22",NA,NA,NA,3.138,"0_45m"
"2006-03-29",0.0201333333333333,0.826666666666667,0.00286666666666667,3.67666666666667,"0_45m"
"2006-04-26",NA,NA,NA,6.402,"0_45m"
"2006-05-23",0.113866666666667,0.764,0.00926666666666667,8.09533333333333,"0_45m"
"2006-06-21",NA,NA,NA,10.0973333333333,"0_45m"
"2006-07-19",NA,NA,NA,11.1793333333333,"0_45m"
"2006-08-16",0.1418,0.67,0.0329333333333333,10.154,"0_45m"
"2006-09-13",NA,NA,NA,10.5846666666667,"0_45m"
"2006-10-17",0.1068,0.686666666666667,0.0222,9.27533333333333,"0_45m"
"2006-11-08",NA,NA,NA,8.07933333333333,"0_45m"
"2006-12-13",0.0348666666666667,0.826666666666667,0.0074,6.69866666666667,"0_45m"
"2007-01-10",NA,NA,NA,5.82666666666667,"0_45m"
"2007-02-21",NA,NA,NA,5.26266666666667,"0_45m"
"2007-03-28",0.0263333333333333,0.824666666666667,0.000533333333333333,6.14866666666667,"0_45m"
"2007-04-20",NA,NA,NA,8.074,"0_45m"
"2007-05-23",0.0394666666666667,0.75,0.0114,9.778,"0_45m"
"2007-06-20",NA,NA,NA,10.988,"0_45m"
"2007-07-18",NA,NA,NA,11.4006666666667,"0_45m"
"2007-08-15",0.0792666666666667,0.648666666666667,0.0170666666666667,11.2566666666667,"0_45m"
"2007-09-12",NA,NA,NA,10.5386666666667,"0_45m"
"2007-10-10",0.0554666666666667,0.663333333333333,0.0172666666666667,10.2453333333333,"0_45m"
"2007-11-07",NA,NA,NA,7.968,"0_45m"
"2007-12-12",0.0240666666666667,0.763333333333333,0.00633333333333333,6.23466666666667,"0_45m"
"2008-01-09",NA,NA,NA,4.526,"0_45m"
"2008-02-20",NA,NA,NA,4.01533333333333,"0_45m"
"2008-04-02",0.0216666666666667,0.73,0,5.346,"0_45m"
"2008-04-30",NA,NA,NA,7.11933333333333,"0_45m"
"2008-05-28",0.122066666666667,0.658,0.00173333333333333,9.24266666666667,"0_45m"
"2008-06-25",NA,NA,NA,10.98,"0_45m"
"2008-07-23",NA,NA,NA,10.9393333333333,"0_45m"
"2008-08-20",0.0475333333333333,0.696,0.0141333333333333,11.2106666666667,"0_45m"
"2008-09-17",NA,NA,NA,10.4193333333333,"0_45m"
"2008-10-15",0.0518,0.641333333333333,0.0154,9.52466666666667,"0_45m"
"2008-11-12",NA,NA,NA,7.958,"0_45m"
"2008-12-17",0.0152,0.79,0.008,5.808,"0_45m"
"2009-01-07",NA,NA,NA,4.40466666666667,"0_45m"
"2009-02-23",NA,NA,NA,3.32866666666667,"0_45m"
"2009-04-01",0.00933333333333333,0.861333333333333,0.000266666666666667,4.53666666666667,"0_45m"
"2009-04-29",NA,NA,NA,6.898,"0_45m"
"2009-05-27",0.0934666666666667,0.702,0.00186666666666667,9.602,"0_45m"
"2009-06-24",NA,NA,NA,9.81466666666667,"0_45m"
"2009-07-22",NA,NA,NA,10.764,"0_45m"
"2009-08-19",0.0549230769230769,0.543076923076923,0.00586666666666667,11.6646666666667,"0_45m"
"2009-09-16",NA,NA,NA,10.2093333333333,"0_45m"
"2009-10-15",0.0649333333333333,0.644,0.00846666666666667,9.52666666666667,"0_45m"
"2009-11-11",NA,NA,NA,7.52,"0_45m"
"2009-12-16",0.0201333333333333,0.765333333333333,0.00493333333333333,6.14066666666667,"0_45m"
"2010-01-13",NA,NA,NA,4.42666666666667,"0_45m"
"2010-02-24",NA,NA,NA,3.432,"0_45m"
"2010-03-26",0.00886666666666667,0.849333333333333,0,4.32933333333333,"0_45m"
"2010-04-28",NA,NA,NA,7.11533333333333,"0_45m"
"2010-05-26",0.0906666666666667,0.754666666666667,0.00186666666666667,8.42133333333333,"0_45m"
"2010-06-23",NA,NA,NA,9.21933333333333,"0_45m"
"2010-07-21",NA,NA,NA,11.682,"0_45m"
"2010-08-18",0.0267333333333333,0.75,0.00766666666666667,10.5866666666667,"0_45m"
"2010-09-15",NA,NA,NA,10.7213333333333,"0_45m"
"2010-10-13",0.0455333333333333,0.684,0.0106666666666667,9.466,"0_45m"
"2010-11-10",NA,NA,NA,7.738,"0_45m"
"2010-12-13",0.0112666666666667,0.769333333333333,0.000333333333333333,6.11333333333333,"0_45m"
"2011-01-12",NA,NA,NA,4.59266666666667,"0_45m"
"2011-02-23",NA,NA,NA,3.93066666666667,"0_45m"
"2011-03-30",0.0308,0.844666666666667,0.001,5.38,"0_45m"
"2011-04-27",NA,NA,NA,7.72,"0_45m"
"2011-05-25",0.0179333333333333,0.774,0.000933333333333333,9.712,"0_45m"
"2011-06-22",NA,NA,NA,10.2446666666667,"0_45m"
"2011-07-20",NA,NA,NA,10.7786666666667,"0_45m"
"2011-08-17",0.0392,0.678666666666667,0.00286666666666667,11.804,"0_45m"
"2011-09-14",NA,NA,NA,11.844,"0_45m"
"2011-10-12",0.0588666666666667,0.62,0.0062,10.5046666666667,"0_45m"
"2011-11-09",NA,NA,NA,8.696,"0_45m"
"2011-12-14",0.0324,0.699333333333333,0.00493333333333333,6.95133333333333,"0_45m"
"2012-01-11",NA,NA,NA,5.78133333333333,"0_45m"
"2012-02-23",NA,NA,NA,3.224,"0_45m"
"2012-03-28",0.0159333333333333,0.8,0.000133333333333333,5.07066666666667,"0_45m"
"2012-04-25",NA,NA,NA,6.244,"0_45m"
"2012-05-23",0.0732666666666667,0.748,0.00106666666666667,8.71266666666667,"0_45m"
"2012-06-20",NA,NA,NA,11.5486666666667,"0_45m"
"2012-07-18",NA,NA,NA,10.7106666666667,"0_45m"
"2012-08-14",0.0456,0.690666666666667,0.0036,11.7626666666667,"0_45m"
"2012-09-12",NA,NA,NA,11.0566666666667,"0_45m"
"2012-10-10",0.028,0.746666666666667,0.00406666666666667,10.1533333333333,"0_45m"
"2012-11-07",NA,NA,NA,8.178,"0_45m"
"2012-12-12",0.0133333333333333,0.888,0.00253333333333333,6.086,"0_45m"
"2013-01-09",NA,NA,NA,5.57133333333333,"0_45m"
"2013-02-20",NA,NA,NA,4.152,"0_45m"
"2013-03-26",0.0044,1.038,0,4.17,"0_45m"
"2013-04-24",NA,NA,NA,5.83333333333333,"0_45m"
"2013-05-22",0.0818666666666667,0.988666666666667,0.00106666666666667,7.98733333333333,"0_45m"
"2013-06-19",NA,NA,NA,9.96066666666667,"0_45m"
"2013-07-17",NA,NA,NA,10.8326666666667,"0_45m"
"2013-08-14",0.0345333333333333,0.985333333333333,0.00193333333333333,11.074,"0_45m"
"2013-09-11",NA,NA,NA,10.5173333333333,"0_45m"
"2013-10-09",0.0205333333333333,0.900666666666667,0.00166666666666667,9.65533333333333,"0_45m"
"2013-11-07",NA,NA,NA,9.11866666666667,"0_45m"
"2013-12-11",0.00833333333333333,0.984,0.001,5.89333333333333,"0_45m"
"2014-01-08",NA,NA,NA,5.17,"0_45m"
"2014-02-19",NA,NA,NA,4.732,"0_45m"
"2014-03-25",0.0349333333333333,0.96,0.001,5.75266666666667,"0_45m"
"2014-04-23",NA,NA,NA,7.28866666666667,"0_45m"
"2014-05-21",0.0199333333333333,0.978,0.000733333333333333,8.98,"0_45m"
"2014-06-18",NA,NA,NA,10.642,"0_45m"
"2014-07-16",NA,NA,NA,11.394,"0_45m"
"2014-08-13",0.0221333333333333,0.867333333333333,0.0006,11.858,"0_45m"
"2014-09-10",NA,NA,NA,11.5886666666667,"0_45m"
"2014-10-08",0.0298,0.818,0.00253333333333333,11.0506666666667,"0_45m"
"2014-11-05",NA,NA,NA,9.622,"0_45m"
"2014-12-10",0.0644666666666667,0.84,0.00426666666666667,7.50733333333333,"0_45m"
"2015-01-07",NA,NA,NA,6.26133333333333,"0_45m"
"2015-02-18",NA,NA,NA,4.50933333333333,"0_45m"
"2015-03-25",0.0169333333333333,0.931333333333333,0.000466666666666667,5.43466666666667,"0_45m"
"2015-04-23",NA,NA,NA,7.844,"0_45m"
"2015-05-20",0.0107333333333333,0.941333333333333,0.0000666666666666667,8.73333333333333,"0_45m"
"2015-06-17",NA,NA,NA,10.5206666666667,"0_45m"
"2015-07-15",NA,NA,NA,11.8973333333333,"0_45m"
"2015-08-12",0.0213333333333333,0.879333333333333,0.0006,12.592,"0_45m"
"2015-09-09",NA,NA,NA,11.3066666666667,"0_45m"
"2015-10-07",0.0178,0.809333333333333,0.00126666666666667,9.998,"0_45m"
"2015-11-04",NA,NA,NA,8.598,"0_45m"
"2015-12-09",0.0122666666666667,0.861333333333333,0.000666666666666667,7.09266666666667,"0_45m"
"2016-01-13",NA,NA,NA,6.34666666666667,"0_45m"
"2016-02-24",NA,NA,NA,5.41066666666667,"0_45m"
"2016-03-30",0.0139333333333333,0.876666666666667,0.0004,5.94066666666667,"0_45m"
"2016-04-27",NA,NA,NA,7.24266666666667,"0_45m"
"2016-05-25",0.0566,0.834666666666667,0.0018,9.32333333333333,"0_45m"
"2016-06-22",NA,NA,NA,10.5606666666667,"0_45m"
"2016-07-20",NA,NA,NA,12.1913333333333,"0_45m"
"2016-08-16",0.0102666666666667,0.836666666666667,0.001,12.3413333333333,"0_45m"
"2016-09-14",NA,NA,NA,12.536,"0_45m"
"2016-10-12",0.0236666666666667,0.72,0.0014,10.2726666666667,"0_45m"
"2016-11-09",NA,NA,NA,8.632,"0_45m"
"2016-12-14",0.0132,0.743333333333333,0.000266666666666667,6.91933333333333,"0_45m"
"2017-01-05",NA,NA,NA,5.764,"0_45m"
"2017-02-22",NA,NA,NA,4.05533333333333,"0_45m"
"2017-03-29",0.03,0.765266666666667,0.000333333333333333,6.06866666666667,"0_45m"
"2017-04-26",NA,NA,NA,7.306,"0_45m"
"2017-05-22",0.0732,0.713733333333333,0.0012,9.164,"0_45m"
"2017-06-21",NA,NA,NA,11.692,"0_45m"
"2017-07-19",NA,NA,NA,12.2266666666667,"0_45m"
"2017-08-15",0.00666666666666667,0.651933333333333,0.000333333333333333,12.092,"0_45m"
"2017-09-13",NA,NA,NA,NA,"0_45m"
"2017-10-03",0.0214666666666667,0.598266666666667,0.000133333333333333,10.9073333333333,"0_45m"
"2017-11-08",NA,NA,NA,9.044,"0_45m"
"2017-12-13",0.021,0.6148,0.000866666666666667,6.62533333333333,"0_45m"
"2018-01-23",NA,NA,NA,5.49133333333333,"0_45m"
"2018-02-20",NA,NA,NA,4.96733333333333,"0_45m"
"2018-03-27",0.0144,0.738,0.0006,4.54866666666667,"0_45m"
"2018-04-25",NA,NA,NA,6.84733333333333,"0_45m"
"2018-05-29",0.0590666666666667,0.716,0.0004,9.66133333333333,"0_45m"
"2018-06-21",NA,NA,NA,11.0326666666667,"0_45m"
"2018-07-18",NA,NA,NA,11.858,"0_45m"
"2018-08-15",0.00853333333333333,0.680666666666667,0.0002,12.5233333333333,"0_45m"
"2018-09-12",NA,NA,NA,12.3857142857143,"0_45m"
"2018-10-02",0.0134,0.638,0.001,11.14,"0_45m"
"2018-11-07",NA,NA,NA,9.02,"0_45m"
"2018-12-12",0.00533333333333333,0.664666666666667,0.00173333333333333,7.08733333333333,"0_45m"
"2019-01-16",NA,NA,NA,5.67866666666667,"0_45m"
"2019-02-22",NA,NA,NA,4.75933333333333,"0_45m"
"2019-03-27",0.0185333333333333,0.782266666666667,0.000666666666666667,5.85933333333333,"0_45m"
"2019-04-24",NA,NA,NA,7.92666666666667,"0_45m"
"2019-05-21",0.0489333333333333,0.7448,0.00213333333333333,8.60133333333333,"0_45m"
"2019-06-19",NA,NA,NA,10.9086666666667,"0_45m"
"2019-07-17",NA,NA,NA,12.064,"0_45m"
"2019-08-14",0.0122666666666667,0.7092,0.00146666666666667,12.6813333333333,"0_45m"
"2019-09-18",NA,NA,NA,12.292,"0_45m"
"2019-10-16",0.0229333333333333,0.677266666666667,0.00206666666666667,10.938,"0_45m"
"2019-11-13",NA,NA,NA,9.398,"0_45m"
"2019-12-11",0.0137333333333333,0.730666666666667,0.002,7.41466666666667,"0_45m"
"2020-01-15",NA,NA,NA,6.276,"0_45m"
"2020-02-20",NA,NA,NA,5.75266666666667,"0_45m"
"2020-03-20",0.0131333333333333,0.824666666666667,0.00206666666666667,6.46466666666667,"0_45m"
"2020-04-22",NA,NA,NA,8.536,"0_45m"
"2020-05-20",0.0368666666666667,0.793333333333333,0.00246666666666667,10.1933333333333,"0_45m"
"2020-06-24",NA,NA,NA,11.564,"0_45m"
"2020-07-22",NA,NA,NA,12.616,"0_45m"
"2020-08-26",0.0224666666666667,0.729333333333333,0.00126666666666667,13.1366666666667,"0_45m"
"2020-09-23",NA,NA,NA,12.6406666666667,"0_45m"
"2020-10-21",0.031,0.702666666666667,0.00346666666666667,10.4392857142857,"0_45m"
"2020-11-18",NA,NA,NA,9.158,"0_45m"
"2020-12-09",0.0180666666666667,0.744666666666667,0.00253333333333333,7.59266666666667,"0_45m"
