"","date","tot_phyto","chrooco","nosto","oscillato","tot_cyanobac","r_chrooco","r_nosto","r_oscillato","r_cyanobac","d_chrooco","d_nosto","d_oscillato","d_cyanobac","NH4_N","NO3_N","PO4_P","temperature","depth","tot_zoo","microzoo","daphniidae","cyclopoida","calanoida","lake"
"1",2012-01-09,109289650,1541000,2360400,0,3901400,0.0141001458052066,0.0215976535746981,0,0.0356977993799047,107748650,106929250,109289650,105388250,0.328571428571429,1.09142857142857,0.0635,5.2,"0_30m",1154970,404700,428730,190050,131490,"GRE"
"2",2003-01-20,191506500,0,6410000,0,6410000,0,0.0334714487497813,0,0.0334714487497813,191506500,185096500,191506500,185096500,0.001,1.73928571428571,0.0822857142857143,4.51357142857143,"0_30m",783680,189440,54900,345720,180720,"GRE"
"3",2011-01-10,319294440,92000,0,786800,878800,0.000288135302324713,0,0.00246418321596831,0.00275231851829302,319202440,319294440,318507640,318415640,0.233074614285714,1.52693292857143,0.0567167857142857,4.10785714285714,"0_30m",530810,265190,50820,66300,148500,"GRE"
"4",1986-06-02,353428000,1200000,0,0,1200000,0.00339531672646197,0,0,0.00339531672646197,352228000,353428000,353428000,352228000,0.116571428571429,2.31971428571429,0.107642857142857,8.43571428571429,"0_30m",4806954,2619294,730200,982680,421800,"GRE"
"5",2004-01-26,366154850,0,84064500,0,84064500,0,0.229587290732323,0,0.229587290732323,366154850,282090350,366154850,282090350,0.274808764285714,1.74526678571429,0.0671567492857143,4.00285714285714,"0_30m",551930,340220,26070,84420,84870,"GRE"
"6",2008-12-08,369035310,2712600,2360400,1180200,6253200,0.00735051613353747,0.00639613591447387,0.00319806795723694,0.0169447200052483,366322710,366674910,367855110,362782110,0.560448814285714,0.849908944285714,0.0819573685714286,6.51571428571429,"0_30m",1061390,569000,61890,201540,228960,"GRE"
"7",2003-05-19,382816000,0,29250000,0,29250000,0,0.0764074646827719,0,0.0764074646827719,382816000,353566000,382816000,353566000,0.145642857142857,1.68478571428571,0.0485,8.90285714285714,"0_30m",1490620,633040,203670,274200,377940,"GRE"
"8",1990-01-08,440556000,6e+05,27300000,0,27900000,0.00136191539781549,0.0619671506006047,0,0.0633290659984202,439956000,413256000,440556000,412656000,0.470785714285714,1.29142857142857,0.113571428571429,4.54285714285714,"0_30m",829478,148928,364200,114150,188100,"GRE"
"9",2010-01-11,443265540,0,2360400,0,2360400,0,0.00532502481469685,0,0.00532502481469685,443265540,440905140,443265540,440905140,0.348358678571429,1.14388007142857,0.039525225,3.70285714285714,"0_30m",1456780,739450,586080,95460,27840,"GRE"
"10",2018-01-08,462507300,0,590100,1517400,2107500,0,0.00127587175380799,0.00328081308122056,0.00455668483502855,462507300,461917200,460989900,460399800,0.242142857142857,1.13,0.0743571428571429,5.3,"0_30m",1221180,285960,138120,381450,152580,"GRE"
"11",2002-12-16,479893800,8580000,173100000,0,181680000,0.0178789557189528,0.360704805938314,0,0.378583761657267,471313800,306793800,479893800,298213800,0.459071428571429,1.11321428571429,0.132571428571429,6.725,"0_30m",707380,340780,156720,72120,132540,"GRE"
"12",2003-12-11,480144500,0,100700000,12600000,113300000,0,0.209728529640556,0.0262421000344688,0.235970629675025,480144500,379444500,467544500,366844500,0.418285714285714,1.12135714285714,0.1125,6.18928571428571,"0_30m",716600,171260,320400,57570,155700,"GRE"
"13",2004-12-13,499394220,732920,51772500,0,52505420,0.00146761810739419,0.10367060315596,0,0.105138221263354,498661300,447621720,499394220,446888800,0.447826135714286,1.09885635714286,0.0992677485714286,6.18,"0_30m",393130,153130,136920,49380,52710,"GRE"
"14",1999-05-25,533463000,0,33600000,0,33600000,0,0.0629846868480101,0,0.0629846868480101,533463000,499863000,533463000,499863000,0.044,1.94314285714286,0.0484285714285714,8.93571428571429,"0_30m",1224730,587320,409800,83010,144600,"GRE"
"15",2001-01-23,535309000,153150000,1080000,0,154230000,0.286096441494539,0.00201752632591643,0,0.288113967820455,382159000,534229000,535309000,381079000,0.0274285714285714,1.71757142857143,0.0660714285714286,4.65,"0_30m",1254440,570800,26400,323670,230970,"GRE"
"16",1998-12-07,540990400,0,8400000,0,8400000,0,0.0155270777448177,0,0.0155270777448177,540990400,532590400,540990400,532590400,0.283571428571429,1.21735714285714,0.0532857142857143,5.27857142857143,"0_30m",609870,367960,69900,107580,42540,"GRE"
"17",2001-12-17,557852000,10900000,184500000,0,195400000,0.0195392326280089,0.330732882556664,0,0.350272115184673,546952000,373352000,557852000,362452000,0.378,1.13128571428571,0.0765714285714286,5.56071428571429,"0_30m",1208350,528680,262500,217080,183300,"GRE"
"18",2005-12-12,607722330,16383250,181572300,24570000,222525550,0.0269584466313752,0.298775100134958,0.0404296481914693,0.366163194957803,591339080,426150030,583152330,385196780,0.427072164285714,1.22971227142857,0.114679835714286,5.53571428571429,"0_30m",601900,253780,51720,131940,159780,"GRE"
"19",2008-01-14,616214690,0,43245900,0,43245900,0,0.0701799238184341,0,0.0701799238184341,616214690,572968790,616214690,572968790,0.300531092857143,1.21766364285714,0.064083555,3.96142857142857,"0_30m",867390,526200,11040,199320,130830,"GRE"
"20",1993-12-06,620246000,77400000,28980000,0,106380000,0.124789196544597,0.0467233968457676,0,0.171512593390364,542846000,591266000,620246000,513866000,0.594,1.17764285714286,0.133357142857143,5.08571428571429,"0_30m",741334,166654,276000,131280,167400,"GRE"
"21",1985-06-03,638036000,0,3e+07,0,3e+07,0,0.047019290447561,0,0.047019290447561,638036000,608036000,638036000,608036000,0.065,1.8305,0.106214285714286,9.80714285714286,"0_30m",3409726,1291126,1404000,559800,154800,"GRE"
"22",1994-01-03,654704800,650000,60650000,0,61300000,0.000992813860536841,0.0926371702177836,0,0.0936299840783205,654054800,594054800,654704800,593404800,0.375785714285714,1.53757142857143,0.0904285714285714,4.40714285714286,"0_30m",630586,256276,135900,115740,122670,"GRE"
"23",1989-01-03,655808000,14910000,19320000,0,34230000,0.0227353127744706,0.0294598419049478,0,0.0521951546794184,640898000,636488000,655808000,621578000,0.370428571428571,1.62521428571429,0.101285714285714,5.29285714285714,"0_30m",539586,193742,121500,62640,138900,"GRE"
"24",2004-02-16,667615300,0,85468500,0,85468500,0,0.128020583111262,0,0.128020583111262,667615300,582146800,667615300,582146800,0.184734814285714,1.92531678571429,0.0643452371428571,3.71928571428571,"0_30m",817940,482900,22110,132600,167070,"GRE"
"25",1991-01-07,668734000,4493000,73950000,21510000,99953000,0.00671866541853712,0.110582084954556,0.0321652555425625,0.149466005915656,664241000,594784000,647224000,568781000,0.332928571428571,1.50135714285714,0.105785714285714,4.7,"0_30m",775316,233396,213300,191850,135900,"GRE"
"26",1988-12-05,679646000,12695000,65150000,30100000,107945000,0.0186788416322615,0.0958587264546543,0.0442877615699938,0.15882532965691,666951000,614496000,649546000,571701000,0.298928571428571,1.45678571428571,0.0842142857142857,7.00714285714286,"0_30m",789230,256696,330930,66630,122610,"GRE"
"27",1986-12-15,716705000,7e+05,5180000,0,5880000,0.00097669194438437,0.00722752038844434,0,0.00820421233282871,716005000,711525000,716705000,710825000,0.534,1.49628571428571,0.198857142857143,6.15,"0_30m",887552,308702,303000,158760,101700,"GRE"
"28",1985-10-22,723617000,645000,7633000,0,8278000,0.0008913555098899,0.010548397840294,0,0.0114397533501839,722972000,715984000,723617000,715339000,0.562928571428571,0.880592857142857,0.202785714285714,9.98571428571429,"0_30m",860350,499420,74700,86880,185400,"GRE"
"29",2004-11-15,725874380,133854100,36270000,90090000,260214100,0.184403946038156,0.0499673235470854,0.124112384294373,0.358483653879615,592020280,689604380,635784380,465660280,0.498361892857143,1.0268458,0.114938054928571,7.80071428571429,"0_30m",560230,218060,197610,54360,86850,"GRE"
"30",1991-01-28,731636000,135000,60440000,16560000,77135000,0.000184517984352875,0.0826093849947242,0.0226342060806193,0.105428109059696,731501000,671196000,715076000,654501000,0.0499285714285714,1.87342857142857,0.107071428571429,3.76428571428571,"0_30m",873106,276166,127500,224340,244500,"GRE"
"31",2005-07-18,735122870,46800,0,0,46800,6.36628268686567e-05,0,0,6.36628268686567e-05,735076070,735122870,735122870,735076070,0.104640935,1.93320410714286,0.0640290615,10.9678571428571,"0_30m",1090930,306700,80430,562230,138780,"GRE"
"32",1997-05-26,757814000,7e+05,1750000,0,2450000,0.000923709511832719,0.0023092737795818,0,0.00323298329141452,757114000,756064000,757814000,755364000,0.0249285714285714,1.7585,0.0376428571428571,9.58571428571429,"0_30m",3347420,600980,1957140,311100,289200,"GRE"
"33",1986-01-13,776294000,7550000,49784000,0,57334000,0.00972569670769064,0.0641303423702875,0,0.0738560390779782,768744000,726510000,776294000,718960000,0.525285714285714,1.10971428571429,0.15,3.97142857142857,"0_30m",1472212,901612,118200,232200,204000,"GRE"
"34",2001-11-19,777327000,10850000,4.74e+08,0,484850000,0.0139580897099933,0.609781983643949,0,0.623740073353942,766477000,303327000,777327000,292477000,0.462285714285714,0.908642857142857,0.115357142857143,7.96714285714286,"0_30m",648150,281040,174900,34110,151500,"GRE"
"35",2008-11-10,819290120,6766480,6631600,1573600,14971680,0.00825895471557743,0.00809432438902107,0.00192068714315754,0.018273966247756,812523640,812658520,817716520,804318440,0.481648685714286,0.688994957142857,0.0655526932857143,8.57357142857143,"0_30m",1173256,504106,309390,308490,44220,"GRE"
"36",1998-11-09,821510000,7.8e+07,11200000,0,89200000,0.0949471095908753,0.0136334311207411,0,0.108580540711616,743510000,810310000,821510000,732310000,0.442,0.925357142857143,0.0949285714285714,8.19285714285714,"0_30m",702320,428180,111900,14370,20610,"GRE"
"37",2001-02-19,842724000,74100000,0,1540000,75640000,0.0879291440614009,0,0.00182740731247716,0.089756551373878,768624000,842724000,841184000,767084000,0.0152857142857143,1.82414285714286,0.059,4.60857142857143,"0_30m",1233560,541100,54300,321660,260400,"GRE"
"38",1999-12-06,848032000,99500000,12600000,3600000,115700000,0.117330478095166,0.0148579298894381,0.00424512282555375,0.136433530810158,748532000,835432000,844432000,732332000,0.328714285714286,1.26414285714286,0.0728571428571429,5.84285714285714,"0_30m",1054190,581840,29940,212610,229800,"GRE"
"39",2005-01-31,856572330,0,14274000,0,14274000,0,0.0166640918695097,0,0.0166640918695097,856572330,842298330,856572330,842298330,0.302685035714286,1.52660707142857,0.0689955321428571,3.15785714285714,"0_30m",709320,208770,71610,351390,76890,"GRE"
"40",2002-04-29,874726500,729500,0,0,729500,0.000833974962459695,0,0,0.000833974962459695,873997000,874726500,874726500,873997000,0.0717142857142857,1.71164285714286,0.0377857142857143,8.13928571428571,"0_30m",2209060,1030840,594240,369120,199200,"GRE"
"41",2005-05-23,877517870,101400000,0,0,101400000,0.115553202352449,0,0,0.115553202352449,776117870,877517870,877517870,776117870,0.0301182692857143,2.14688135714286,0.0356087201428571,8.60857142857143,"0_30m",1709610,704340,229830,605520,169740,"GRE"
"42",1999-01-04,895640500,0,4830000,0,4830000,0,0.00539278873610561,0,0.00539278873610561,895640500,890810500,895640500,890810500,0.300142857142857,1.41057142857143,0.0672142857142857,3.92142857142857,"0_30m",1541810,588080,126600,602760,69690,"GRE"
"43",1998-02-02,897535400,1.38e+08,8.4e+07,0,2.22e+08,0.153754381164242,0.0935896233173644,0,0.247344004481606,759535400,813535400,897535400,675535400,0.241428571428571,1.42885714285714,0.0635714285714286,3.55,"0_30m",1194770,481700,57000,284070,372000,"GRE"
"44",1990-04-30,900174500,750000,308000,0,1058000,0.000833171790580604,0.000342155881998435,0,0.00117532767257904,899424500,899866500,900174500,899116500,0.0737142857142857,1.89464285714286,0.0888571428571429,7.45,"0_30m",2209796,309296,651600,667080,576000,"GRE"
"45",1996-01-10,922530000,475000,0,0,475000,0.000514888404713126,0,0,0.000514888404713126,922055000,922530000,922530000,922055000,0.1458,1.7342,0.0765,4.42,"0_30m",637360,360640,32100,103020,115200,"GRE"
"46",2005-11-14,935699370,2750800,237159000,41769000,281678800,0.00293983312182844,0.253456406623422,0.0446393375256841,0.301035577270935,932948570,698540370,893930370,654020570,0.485848414285714,1.24949498571429,0.113472579714286,8.27142857142857,"0_30m",557710,132010,144540,157800,98130,"GRE"
"47",1990-12-10,937081000,199050000,98160000,0,297210000,0.21241493531509,0.104750816631647,0,0.317165751946737,738031000,838921000,937081000,639871000,0.582214285714286,1.11171428571429,0.163857142857143,6.23571428571429,"0_30m",1056660,228990,393600,277170,156000,"GRE"
"48",2006-05-15,939695300,343750,49399800,2360400,52103950,0.000365810066305535,0.0525700192392151,0.0025118780523857,0.0554477073579063,939351550,890295500,937334900,887591350,0.0746166742857143,2.26123692857143,0.0340950757857143,8.15142857142857,"0_30m",3585360,1753260,1003350,775710,53040,"GRE"
"49",2001-10-22,955996000,15400000,469310000,0,484710000,0.0161088540119415,0.49091209586651,0,0.507020949878451,940596000,486686000,955996000,471286000,0.353928571428571,0.93,0.0997142857142857,10.2171428571429,"0_30m",802180,377860,96600,25650,301200,"GRE"
"50",1992-07-20,963135500,299325000,2870000,5600000,307795000,0.310781816265728,0.00297985070636478,0.00581434284168738,0.31957600981378,663810500,960265500,957535500,655340500,0.107214285714286,2.16914285714286,0.0841428571428571,11.2857142857143,"0_30m",1255026,565386,70800,237570,293100,"GRE"
"51",2013-03-04,974955440,0,155786400,0,155786400,0,0.159788225808556,0,0.159788225808556,974955440,819169040,974955440,819169040,0.0492857142857143,1.65,0.0131428571428571,3.3,"0_30m",544990,335020,18570,76920,111390,"GRE"
"52",2004-08-16,1033566280,85908000,69094800,0,155002800,0.0831180367068477,0.0668508651423883,0,0.149968901849236,947658280,964471480,1033566280,878563480,0.197043572142857,1.55411359285714,0.0785941647857143,11.1921428571429,"0_30m",500600,134150,53910,195360,70290,"GRE"
"53",1985-12-09,1049756000,5400000,104880000,0,110280000,0.00514405252268146,0.0999089312183022,0,0.105052983740984,1044356000,944876000,1049756000,939476000,0.633,0.874714285714286,0.199357142857143,5.81428571428571,"0_30m",1090595,363515,258000,304080,138300,"GRE"
"54",2004-05-18,1075440550,0,375453000,0,375453000,0,0.349115532234674,0,0.349115532234674,1075440550,699987550,1075440550,699987550,0.114656752142857,2.00187635714286,0.041823236,8.69357142857143,"0_30m",1691170,526510,424320,466290,267420,"GRE"
"55",1999-08-16,1088131000,12730000,94160000,0,106890000,0.0116989590407773,0.0865336986079801,0,0.0982326576487574,1075401000,993971000,1088131000,981241000,0.135928571428571,1.58878571428571,0.0635714285714286,10.7928571428571,"0_30m",1184960,693500,149100,207900,54300,"GRE"
"56",1990-02-05,1094105000,550000,5390000,0,5940000,0.000502693982753026,0.00492640103097966,0,0.00542909501373269,1093555000,1088715000,1094105000,1088165000,0.562642857142857,1.51278571428571,0.115857142857143,3.52142857142857,"0_30m",624226,300136,39870,92910,186900,"GRE"
"57",2007-01-22,1095614890,0,595326600,0,595326600,0,0.543372133250215,0,0.543372133250215,1095614890,500288290,1095614890,500288290,0.29377265,1.59199692857143,0.0612754192857143,5.97428571428571,"0_30m",1130930,306140,143220,498570,183000,"GRE"
"58",2001-04-24,1103507000,5e+06,0,0,5e+06,0.00453100886537195,0,0,0.00453100886537195,1098507000,1103507000,1103507000,1098507000,0.0595,1.78992857142857,0.0367142857142857,6.99142857142857,"0_30m",2423380,1599160,108000,546180,143400,"GRE"
"59",1994-05-25,1141781000,475000,14700000,0,15175000,0.000416016731755039,0.0128746230669454,0,0.0132906397987005,1141306000,1127081000,1141781000,1126606000,0.0791428571428571,1.92778571428571,0.0460714285714286,9.43571428571429,"0_30m",1442942,722942,246600,215700,257100,"GRE"
"60",2008-02-11,1145678450,0,35406000,0,35406000,0,0.0309039591344325,0,0.0309039591344325,1145678450,1110272450,1145678450,1110272450,0.0549023278571429,1.75372642857143,0.0533531107142857,3.85071428571429,"0_30m",912330,587880,10620,170610,143220,"GRE"
"61",1997-12-08,1146818000,7200000,1.4e+08,0,147200000,0.00627824118561097,0.122076911942436,0,0.128355153128046,1139618000,1006818000,1146818000,999618000,0.493214285714286,0.834571428571429,0.122642857142857,6.5,"0_30m",371580,20280,40800,84570,225600,"GRE"
"62",1989-01-30,1202609000,55260000,24780000,0,80040000,0.0459500968311396,0.0206052008591321,0,0.0665552976902717,1147349000,1177829000,1202609000,1122569000,0.195857142857143,1.91107142857143,0.100142857142857,4.68571428571429,"0_30m",431634,171414,102000,63540,72540,"GRE"
"63",1993-02-01,1218794500,6e+05,1.89e+08,219000,189819000,0.0004922897174216,0.155071260987804,0.000179685746858884,0.155743236452084,1218194500,1029794500,1218575500,1028975500,0.0165,2.058,0.0874285714285714,3.5,"0_30m",592530,293550,42570,157470,96000,"GRE"
"64",2000-08-07,1220858800,1500000,0,0,1500000,0.00122864331239616,0,0,0.00122864331239616,1219358800,1220858800,1220858800,1219358800,0.109,1.54442857142857,0.0456428571428571,10.7071428571429,"0_30m",777250,443500,150000,98070,65640,"GRE"
"65",1992-12-07,1221812000,94585000,466744000,168000,561497000,0.0774137101288905,0.382009670882263,0.000137500695688044,0.459560881706842,1127227000,755068000,1221644000,660315000,0.417571428571429,1.41707142857143,0.128071428571429,6.47142857142857,"0_30m",1417976,474476,396000,151080,393600,"GRE"
"66",2011-02-14,1236611275,1035000,0,0,1035000,0.000836964712294088,0,0,0.000836964712294088,1235576275,1236611275,1236611275,1235576275,0.0184347442857143,1.87527957142857,0.0538043514285714,3.65642857142857,"0_30m",482692,271012,11040,49050,150720,"GRE"
"67",2003-11-17,1243151500,0,19950000,0,19950000,0,0.0160479233625186,0,0.0160479233625186,1243151500,1223201500,1243151500,1223201500,0.343214285714286,0.966928571428571,0.101142857142857,7.15857142857143,"0_30m",647310,285780,160500,16680,153000,"GRE"
"68",2008-03-10,1252281540,0,9610200,0,9610200,0,0.00767415289057124,0,0.00767415289057124,1252281540,1242671340,1252281540,1242671340,0.0831462442857143,1.63640264285714,0.0318328685714286,4.81857142857143,"0_30m",1195090,816760,6180,214800,157350,"GRE"
"69",1985-05-06,1257922000,0,224000,0,224000,0,0.000178071454350906,0,0.000178071454350906,1257922000,1257698000,1257922000,1257698000,0.107071428571429,1.79614285714286,0.105285714285714,7.25,"0_30m",4160400,2280000,252900,1409700,217800,"GRE"
"70",1989-05-22,1264522000,125000,244760000,0,244885000,9.88515818625536e-05,0.193559305413429,0,0.193658156995292,1264397000,1019762000,1264522000,1019637000,0.0250714285714286,2.01157142857143,0.0821428571428571,9.75,"0_30m",1418766,400504,687000,169290,141900,"GRE"
"71",2002-11-18,1283400000,2130000,894600000,0,896730000,0.00165965404394577,0.697054698457223,0,0.698714352501169,1281270000,388800000,1283400000,386670000,0.406714285714286,1.02442857142857,0.110357142857143,8.31642857142857,"0_30m",657150,302640,175800,63990,111600,"GRE"
"72",2001-09-24,1286360500,3050000,239770000,0,242820000,0.00237103051594013,0.18639409403507,0,0.18876512455101,1283310500,1046590500,1286360500,1043540500,0.2365,1.145,0.0742857142857143,10.3157142857143,"0_30m",858610,451000,152100,59610,99600,"GRE"
"73",1985-11-18,1296125000,4350000,56670000,0,61020000,0.00335615777799209,0.0437226347767384,0,0.0470787925547304,1291775000,1239455000,1296125000,1235105000,0.643785714285714,0.875285714285714,0.213071428571429,7.47142857142857,"0_30m",1198849,409189,276000,256560,231300,"GRE"
"74",1989-04-21,1307300000,342600000,91800000,0,434400000,0.262066855350723,0.070221066319896,0,0.332287921670619,964700000,1215500000,1307300000,872900000,0.0996428571428571,1.9715,0.0715714285714286,7.28571428571429,"0_30m",1963298,307208,538170,439320,138600,"GRE"
"75",2002-06-25,1325971000,179900000,182100000,0,3.62e+08,0.135674158786278,0.137333320261152,0,0.27300747904743,1146071000,1143871000,1325971000,963971000,0.0419285714285714,1.76935714285714,0.0540714285714286,11.7278571428571,"0_30m",1006430,347720,202200,254940,199800,"GRE"
"76",2005-06-20,1328297650,219700000,3276000,0,222976000,0.165399675291152,0.00246631468481481,0,0.167865989975967,1108597650,1325021650,1328297650,1105321650,0.0580471742857143,2.07517221428571,0.0538950557857143,10.1657142857143,"0_30m",1485490,550660,372390,429840,132600,"GRE"
"77",1993-11-15,1341239000,126300000,205600000,0,331900000,0.0941666623174542,0.15329109875272,0,0.247457761070175,1214939000,1135639000,1341239000,1009339000,0.639785714285714,1.00557142857143,0.151285714285714,7.02857142857143,"0_30m",463804,183724,87000,41790,151200,"GRE"
"78",1992-04-24,1345410000,0,1120000,0,1120000,0,0.000832459993607897,0,0.000832459993607897,1345410000,1344290000,1345410000,1344290000,0.189071428571429,2.087,0.0596428571428571,6.97857142857143,"0_30m",3700830,1399680,324000,1573800,402000,"GRE"
"79",2006-02-27,1369558770,0,118610100,0,118610100,0,0.0866046077015008,0,0.0866046077015008,1369558770,1250948670,1369558770,1250948670,0.0468881464285714,2.16389642857143,0.0589727514285714,3.10785714285714,"0_30m",1111670,426140,46410,397800,240000,"GRE"
"80",1996-12-09,1370900000,31430000,4690000,0,36120000,0.0229265446057335,0.00342111021956379,0,0.0263476548252972,1339470000,1366210000,1370900000,1334780000,0.294,1.22935714285714,0.0702857142857143,5.69285714285714,"0_30m",541520,31460,162000,108780,101070,"GRE"
"81",1999-02-03,1376802000,36400000,14700000,0,51100000,0.0264380789685082,0.0106769165065129,0,0.0371149954750211,1340402000,1362102000,1376802000,1325702000,0.00457142857142857,1.794,0.0607142857142857,3.20714285714286,"0_30m",695560,208810,34800,232740,205170,"GRE"
"82",2000-07-10,1381070600,3100000,1395000,0,4495000,0.00224463542993385,0.00101008594347023,0,0.00325472137340408,1377970600,1379675600,1381070600,1376575600,0.0843571428571429,1.61857142857143,0.0546428571428571,10.7142857142857,"0_30m",1457260,608380,147000,480000,216300,"GRE"
"83",1985-07-01,1386045000,1500000,80200000,0,81700000,0.00108221594536974,0.0578624792124354,0,0.0589446951578051,1384545000,1305845000,1386045000,1304345000,0.0975714285714286,1.76642857142857,0.137428571428571,10.9214285714286,"0_30m",2074630,1234420,248700,138420,453000,"GRE"
"84",1999-11-08,1417156000,271450000,50633000,0,322083000,0.191545602601266,0.0357286000976604,0,0.227274202698927,1145706000,1366523000,1417156000,1095073000,0.317285714285714,1.08671428571429,0.0944285714285714,8.22857142857143,"0_30m",730610,399740,139500,75750,115470,"GRE"
"85",1988-02-01,1427269000,1900000,18200000,35570000,55670000,0.00133121366750066,0.0127516256571116,0.0249217211331571,0.0390045604577694,1425369000,1409069000,1391699000,1371599000,0.00814285714285714,2.10635714285714,0.122785714285714,4.70714285714286,"0_30m",1218528,660828,60300,387900,109500,"GRE"
"86",2004-09-20,1432116000,802524450,83772000,3276000,889572450,0.560376708311338,0.0584952615570247,0.00228752419496745,0.62115949406333,629591550,1348344000,1428840000,542543550,0.343110532857143,1.15273280142857,0.0950161197142857,10.6457142857143,"0_30m",898380,184290,74910,273810,277140,"GRE"
"87",2001-08-27,1448500000,8900000,277600000,11900000,298400000,0.0061442871936486,0.191646530894028,0.0082153952364515,0.206006213324128,1439600000,1170900000,1436600000,1150100000,0.210285714285714,1.25171428571429,0.0829285714285714,12.5078571428571,"0_30m",2176720,869800,810000,151320,54300,"GRE"
"88",2013-07-01,1470108590,0,84974400,0,84974400,0,0.05780144444976,0,0.05780144444976,1470108590,1385134190,1470108590,1385134190,0.06,1.69285714285714,0.0323571428571429,9.56428571428571,"0_30m",1260950,645710,320880,192270,102090,"GRE"
"89",1994-01-31,1487254800,4310000,59800000,14700000,78810000,0.00289795669175181,0.0402083086233778,0.00988398222012798,0.0529902475352576,1482944800,1427454800,1472554800,1408444800,0.0239285714285714,1.96985714285714,0.0823571428571429,3.82142857142857,"0_30m",512508,234048,4740,95580,177660,"GRE"
"90",2009-03-02,1505449660,0,1180200,0,1180200,0,0.000783951819418525,0,0.000783951819418525,1505449660,1504269460,1505449660,1504269460,0.0517221485714286,1.71504192857143,0.0385851735714286,2.89,"0_30m",679760,234230,9270,70950,365310,"GRE"
"91",2002-07-22,1505760000,78700000,13080000,0,91780000,0.0522659653596855,0.00868664328976729,0,0.0609526086494528,1427060000,1492680000,1505760000,1413980000,0.079,1.51584615384615,0.0693846153846154,11.6914285714286,"0_30m",1082380,450100,63330,235800,207900,"GRE"
"92",2007-05-14,1531918400,0,224000,0,224000,0,0.000146221887536569,0,0.000146221887536569,1531918400,1531694400,1531918400,1531694400,0.0680590207142857,2.16164107142857,0.0483574728571429,9.59642857142857,"0_30m",1455530,771290,369960,258600,50370,"GRE"
"93",1992-05-25,1556933500,255000,23100000,2030000,25385000,0.000163783488504808,0.0148368571939649,0.00130384502613631,0.0163044857086061,1556678500,1533833500,1554903500,1531548500,0.0887142857142857,2.4365,0.0585714285714286,10.0357142857143,"0_30m",1894942,544402,805200,317940,227400,"GRE"
"94",2007-08-06,1561278300,3450000,38778000,0,42228000,0.00220972775961851,0.0248373400181121,0,0.0270470677777306,1557828300,1522500300,1561278300,1519050300,0.222751912857143,1.42205605,0.0653013528571429,12.1142857142857,"0_30m",723660,207360,61890,369510,19470,"GRE"
"95",1987-07-06,1577182000,13235000,30660000,0,43895000,0.00839154897786051,0.0194397349196225,0,0.027831283897483,1563947000,1546522000,1577182000,1533287000,0.0570714285714286,2.33328571428571,0.095,10.9642857142857,"0_30m",1816836,591306,572790,322380,326100,"GRE"
"96",1995-02-06,1581744000,101200000,9.5e+07,0,196200000,0.0639800119361919,0.0600602878847652,0,0.124040299820957,1480544000,1486744000,1581744000,1385544000,0.00892857142857143,2.02164285714286,0.072,4.03571428571429,"0_30m",631964,265154,55500,86940,211800,"GRE"
"97",2001-03-26,1599711000,2300000,0,0,2300000,0.00143775969534497,0,0,0.00143775969534497,1597411000,1599711000,1599711000,1597411000,0.0629285714285714,1.853,0.0466428571428571,6.27071428571429,"0_30m",2576900,1853900,62700,376500,233100,"GRE"
"98",2002-10-21,1646188000,50280000,920700000,0,970980000,0.0305432915317084,0.559292134312727,0,0.589835425844436,1595908000,725488000,1646188000,675208000,0.336285714285714,1.02242857142857,0.0970714285714286,9.54428571428571,"0_30m",549710,123500,108300,24810,278100,"GRE"
"99",2000-03-20,1655689000,1e+06,11200000,0,12200000,0.000603978162565554,0.00676455542073421,0,0.00736853358329976,1654689000,1644489000,1655689000,1643489000,0.0262857142857143,1.76885714285714,0.0302142857142857,4.99285714285714,"0_30m",2053460,1264460,23400,615000,150600,"GRE"
"100",1995-05-02,1657242000,850000,1.88e+08,0,188850000,0.00051290034889292,0.11344148893161,0,0.113954389280503,1656392000,1469242000,1657242000,1468392000,0.135142857142857,1.90135714285714,0.0444285714285714,7.55,"0_30m",2484938,320518,666570,457410,462000,"GRE"
"101",1992-05-15,1662438000,440000,1540000,18900000,20880000,0.000264671524592195,0.000926350336072684,0.0113688450336193,0.0125598668942842,1661998000,1660898000,1643538000,1641558000,0.168714285714286,NA,0.0635714285714286,9.34285714285714,"0_30m",1773274,636034,286170,578850,270000,"GRE"
"102",2007-09-11,1668778310,65764920,43498800,0,109263720,0.0394090213217117,0.0260662544205767,0,0.0654752757422884,1603013390,1625279510,1668778310,1559514590,0.414679427857143,0.7995018,0.085340245,11.3714285714286,"0_30m",399930,48390,23880,204210,18570,"GRE"
"103",1998-01-05,1674011200,892400000,64400000,16100000,972900000,0.533090818030369,0.0384704714042534,0.00961761785106336,0.581178907285686,781611200,1609611200,1657911200,701111200,0.320642857142857,1.219,0.0672857142857143,5.23571428571429,"0_30m",1811850,783480,30600,496320,501000,"GRE"
"104",2003-08-13,1688766000,4.8e+08,5991000,0,485991000,0.284231207876047,0.00354756076330291,0,0.28777876863935,1208766000,1682775000,1688766000,1202775000,0.0860714285714286,1.46485714285714,0.0602142857142857,12.255,"0_30m",1237360,528040,327600,72870,129570,"GRE"
"105",2007-11-05,1697096960,0,424029000,118020000,542049000,0,0.249855494408522,0.06954228472603,0.319397779134552,1697096960,1273067960,1579076960,1155047960,0.633363285714286,0.691431203571429,0.109801901714286,8.76642857142857,"0_30m",1185318,387918,169740,486210,129960,"GRE"
"106",2001-05-30,1705331000,2750000,7.2e+07,0,74750000,0.00161259016578013,0.0422205425222435,0,0.0438331326880236,1702581000,1633331000,1705331000,1630581000,0.0372142857142857,1.77885714285714,0.0567142857142857,10.8221428571429,"0_30m",2299460,1061960,237000,252300,748200,"GRE"
"107",1986-08-25,1713809000,2200000,26040000,0,28240000,0.00128369030621265,0.0151942252608079,0,0.0164779155670206,1711609000,1687769000,1713809000,1685569000,0.218857142857143,1.73528571428571,0.132071428571429,10.3642857142857,"0_30m",1165324,418084,393000,91140,243000,"GRE"
"108",2007-02-12,1723040410,0,387948600,0,387948600,0,0.225153512215073,0,0.225153512215073,1723040410,1335091810,1723040410,1335091810,0.0400536935714286,1.95647542857143,0.0556760221428571,4.93857142857143,"0_30m",1356520,545020,161760,391170,251940,"GRE"
"109",2006-11-06,1752151406.666,18096400,195935680,251776000,465808080,0.0103281028860593,0.111825769881855,0.143695344501695,0.265849217269609,1734055006.666,1556215726.666,1500375406.666,1286343326.666,0.439637027857143,1.22241729,0.0900323756428571,8.86928571428571,"0_30m",576900,124720,170610,191820,70710,"GRE"
"110",1986-11-17,1765981000,850000,25200000,0,26050000,0.000481318881686723,0.0142696891982417,0,0.0147510080799284,1765131000,1740781000,1765981000,1739931000,0.466571428571429,1.44271428571429,0.186785714285714,7.58571428571429,"0_30m",1097560,406400,375000,84240,231900,"GRE"
"111",2003-06-16,1771478000,2150000,1126500000,0,1128650000,0.00121367581194912,0.635909675423573,0,0.637123351235522,1769328000,644978000,1771478000,642828000,0.0681428571428571,1.92528571428571,0.0465714285714286,NA,"0_30m",2154820,1186900,335970,143310,474300,"GRE"
"112",1985-08-26,1807559000,44490000,46270000,0,90760000,0.0246133044619844,0.0255980579333787,0,0.050211362395363,1763069000,1761289000,1807559000,1716799000,0.345642857142857,1.15007142857143,0.1735,11.8714285714286,"0_30m",947134,454654,87600,175410,158100,"GRE"
"113",1985-03-11,1813788000,6300000,0,0,6300000,0.00347339380346545,0,0,0.00347339380346545,1807488000,1813788000,1813788000,1807488000,0.0527142857142857,2.3295,0.115714285714286,3.64285714285714,"0_30m",1296530,602930,67200,474600,151800,"GRE"
"114",2005-02-21,1819336000,0,10218000,0,10218000,0,0.00561633475070026,0,0.00561633475070026,1819336000,1809118000,1819336000,1809118000,0.105389537692308,1.70728553846154,0.0532477538461538,3.00615384615385,"0_30m",770120,368330,33480,269190,99120,"GRE"
"115",1997-04-28,1819822000,2500000,0,30000,2530000,0.00137376073044507,0,1.64851287653408e-05,0.00139024585921041,1817322000,1819822000,1819792000,1817292000,0.0807142857142857,1.71721428571429,0.0262857142857143,7.37142857142857,"0_30m",2208910,726700,370770,855540,236100,"GRE"
"116",1991-05-27,1825015500,6e+05,4690000,0,5290000,0.000328764331042668,0.00256984118765019,0,0.00289860551869286,1824415500,1820325500,1825015500,1819725500,0.0617142857142857,1.95571428571429,0.0962142857142857,7.77142857142857,"0_30m",1240854,638214,328170,186000,87600,"GRE"
"117",2005-09-19,1830291420,422910760,84708000,13104000,520722760,0.231061980282899,0.0462811545059857,0.00715951561418564,0.284502650403071,1407380660,1745583420,1817187420,1309568660,0.204563412857143,1.53192853571429,0.0754910702857143,10.04,"0_30m",783800,187490,72930,131250,57030,"GRE"
"118",1996-02-05,1836170000,650000,0,0,650000,0.000353997723522332,0,0,0.000353997723522332,1835520000,1836170000,1836170000,1835520000,0.0053,1.9743,0.0739,2.98,"0_30m",480900,195960,14160,57240,206100,"GRE"
"119",1985-09-23,1839810400,95700000,250200000,0,345900000,0.0520162294984309,0.135992273986493,0,0.188008503484924,1744110400,1589610400,1839810400,1493910400,0.407071428571429,0.850785714285714,0.178928571428571,11.5357142857143,"0_30m",1162952,454502,149130,336000,178500,"GRE"
"120",2003-07-21,1863826000,1850000,13288000,0,15138000,0.000992581925566013,0.00712942087941686,0,0.00812200280498287,1861976000,1850538000,1863826000,1848688000,0.0427857142857143,1.95057142857143,0.0555,11.51,"0_30m",855100,207280,89400,136500,159300,"GRE"
"121",2004-07-19,1934641540,16900000,5430000,0,22330000,0.0087354683803595,0.00280672149735811,0,0.0115421898777176,1917741540,1929211540,1934641540,1912311540,0.106416188571429,1.85772058571429,0.0766968252857143,10.8821428571429,"0_30m",1951470,907290,24750,804450,191820,"GRE"
"122",2006-10-16,1982647930,118154880,94753200,129822000,342730080,0.0595944838274943,0.0477912384575511,0.0654790989542959,0.172864821239341,1864493050,1887894730,1852825930,1639917850,0.327417470714286,1.23275495714286,0.0779169246428571,10.0028571428571,"0_30m",452820,94290,169380,135960,25410,"GRE"
"123",2000-05-15,1990889000,3100000,980000,0,4080000,0.00155709333870447,0.000492242410300122,0,0.00204933574900459,1987789000,1989909000,1990889000,1986809000,0.0403571428571429,1.70785714285714,0.0158928571428571,9.43571428571429,"0_30m",2306900,973700,324000,891000,118200,"GRE"
"124",1995-11-13,1996041000,130600000,3290000,0,133890000,0.0654295177303472,0.00164826273608608,0,0.0670777804664333,1865441000,1992751000,1996041000,1862151000,0.3705,1.13664285714286,0.136714285714286,8.42142857142857,"0_30m",690900,172320,180600,38580,76200,"GRE"
"125",1989-06-21,2028031000,0,32400000,0,32400000,0,0.0159760871505416,0,0.0159760871505416,2028031000,1995631000,2028031000,1995631000,0.0576428571428571,1.94814285714286,0.107071428571429,11.0928571428571,"0_30m",1378748,319388,264570,285180,496200,"GRE"
"126",1988-06-06,2039767000,1450000,11200000,0,12650000,0.000710865505717075,0.00549082321657327,0,0.00620168872229034,2038317000,2028567000,2039767000,2027117000,0.0288571428571429,2.15342857142857,0.0928571428571429,9.32142857142857,"0_30m",1920458,1153250,360600,236460,169800,"GRE"
"127",1998-09-14,2073127000,0,103200000,0,103200000,0,0.0497798735919218,0,0.0497798735919218,2073127000,1969927000,2073127000,1969927000,0.266785714285714,0.983642857142857,0.0651428571428571,10.55,"0_30m",1385010,620080,50100,119670,162900,"GRE"
"128",2002-08-26,2076900000,57300000,377800000,0,435100000,0.0275891954355048,0.181905724878425,0,0.209494920313929,2019600000,1699100000,2076900000,1641800000,0.120769230769231,1.18092307692308,0.0535384615384615,11.9657142857143,"0_30m",827450,378020,74700,268200,37500,"GRE"
"129",1989-12-04,2080655000,119050000,6160000,7e+06,132210000,0.0572175588937138,0.00296060615527322,0.00336432517644684,0.0635424902254338,1961605000,2074495000,2073655000,1948445000,0.611357142857143,1.055,0.188214285714286,5.70714285714286,"0_30m",1121054,638384,222000,67890,187170,"GRE"
"130",2006-04-18,2088647880,0,18883200,0,18883200,0,0.00904087289237092,0,0.00904087289237092,2088647880,2069764680,2088647880,2069764680,0.0440812757142857,2.25367835714286,0.00773996264285714,6.08571428571429,"0_30m",2128630,1176520,18570,802230,128640,"GRE"
"131",2007-04-10,2090332900,0,176692800,0,176692800,0,0.0845285456684914,0,0.0845285456684914,2090332900,1913640100,2090332900,1913640100,0.126168445714286,1.96217428571429,0.0316045181428571,7.28357142857143,"0_30m",2118600,945030,179010,911640,79590,"GRE"
"132",2004-06-21,2094745765,0,45957600,0,45957600,0,0.0219394643339928,0,0.0219394643339928,2094745765,2048788165,2094745765,2048788165,0.0628446542857143,2.07355157142857,0.0564903885,9.88642857142857,"0_30m",1882710,688200,455250,533730,203310,"GRE"
"133",1999-06-21,2097409400,163200000,3.68e+08,0,531200000,0.0778102739503313,0.175454539299767,0,0.253264813250098,1934209400,1729409400,2097409400,1566209400,0.0451428571428571,1.87642857142857,0.0616428571428571,10.0071428571429,"0_30m",1764440,1010300,573000,150870,28470,"GRE"
"134",1987-05-11,2099508000,4960000,0,0,4960000,0.00236245825212383,0,0,0.00236245825212383,2094548000,2099508000,2099508000,2094548000,0.112142857142857,2.10842857142857,0.0646428571428571,7.5,"0_30m",2925756,1027536,307410,1343010,224100,"GRE"
"135",2012-03-05,2099526170,0,7081200,0,7081200,0,0.00337276100730862,0,0.00337276100730862,2099526170,2092444970,2099526170,2092444970,0.0457142857142857,1.60428571428571,0.0199285714285714,3.62857142857143,"0_30m",603200,404720,1320,77820,119340,"GRE"
"136",2006-03-20,2100786540,0,38946600,0,38946600,0,0.0185390563288738,0,0.0185390563288738,2100786540,2061839940,2100786540,2061839940,0.0216558385714286,2.25352928571429,0.0407837157142857,3.14142857142857,"0_30m",1289050,774550,23880,299670,190950,"GRE"
"137",1999-04-26,2101261000,6700000,2660000,0,9360000,0.00318856153519244,0.00126590651994207,0,0.00445446805513451,2094561000,2098601000,2101261000,2091901000,0.0178571428571429,1.99285714285714,0.0292857142857143,6.86428571428571,"0_30m",3143760,1954560,191700,816930,140700,"GRE"
"138",1992-01-06,2116977000,570725000,0,7700000,578425000,0.269594331917635,0,0.0036372620014294,0.273231593919065,1546252000,2116977000,2109277000,1538552000,0.377214285714286,1.50957142857143,0.0922857142857143,3.92142857142857,"0_30m",1171326,461346,342000,161910,204300,"GRE"
"139",1987-08-10,2120121000,39515000,14140000,0,53655000,0.0186380871657797,0.00666943065985385,0,0.0253075178256335,2080606000,2105981000,2120121000,2066466000,0.0992857142857143,1.95321428571429,0.120142857142857,10.4285714285714,"0_30m",852586,254716,315000,200400,69900,"GRE"
"140",1992-02-24,2122929500,125000,6160000,0,6285000,5.8880900190044e-05,0.00290165076136537,0,0.00296053166155541,2122804500,2116769500,2122929500,2116644500,0.266928571428571,1.84621428571429,0.084,3.02857142857143,"0_30m",779834,363524,60300,139710,216300,"GRE"
"141",1988-01-04,2151474000,41045000,25900000,0,66945000,0.0190776184141663,0.0120382584219005,0,0.0311158768360668,2110429000,2125574000,2151474000,2084529000,0.174357142857143,1.7515,0.108857142857143,5.58571428571429,"0_30m",1022352,421272,156390,337290,107400,"GRE"
"142",1987-09-07,2158610000,196690000,52080000,0,248770000,0.0911188218344212,0.0241266370488416,0,0.115245458883263,1961920000,2106530000,2158610000,1909840000,0.271071428571429,1.63892857142857,0.133571428571429,10.9214285714286,"0_30m",989792,240422,255000,410700,70890,"GRE"
"143",2008-09-15,2159070160,12718480,45746800,20456800,78922080,0.00589072103150182,0.0211881951997336,0.00947481947506514,0.0365537357063005,2146351680,2113323360,2138613360,2080148080,0.243310900714286,0.782450614285714,0.0327237607857143,11.15,"0_30m",1279930,57730,143640,839820,7740,"GRE"
"144",1999-07-19,2165388000,0,43190000,0,43190000,0,0.0199456171365132,0,0.0199456171365132,2165388000,2122198000,2165388000,2122198000,0.0527857142857143,1.66214285714286,0.0535714285714286,10.8214285714286,"0_30m",936920,304880,222870,365100,22470,"GRE"
"145",1994-08-15,2173096000,91410000,351400000,0,442810000,0.0420644094876618,0.161704775122682,0,0.203769184610344,2081686000,1821696000,2173096000,1730286000,0.1305,1.5515,0.0792857142857143,12.3785714285714,"0_30m",609986,143396,204000,93720,72300,"GRE"
"146",1991-04-29,2198484600,1400000,3066000,8.4e+07,88466000,0.000636802277350499,0.00139459698739759,0.0382081366410299,0.040239535905778,2197084600,2195418600,2114484600,2110018600,0.0770714285714286,1.88085714285714,0.0602142857142857,6.88571428571429,"0_30m",3351250,1098880,326670,1741500,184200,"GRE"
"147",1988-06-20,2205210000,210365000,172200000,0,382565000,0.0953945429233497,0.0780878011617941,0,0.173482344085144,1994845000,2033010000,2205210000,1822645000,0.0557142857142857,2.08378571428571,0.106285714285714,10.1928571428571,"0_30m",2943704,1433564,568380,537660,402000,"GRE"
"148",2005-10-17,2208729860,338058680,1004445000,4914000,1347417680,0.153055693284284,0.454761362260933,0.00222480806231324,0.610041863607531,1870671180,1204284860,2203815860,861312180,0.345203059285714,1.36462895,0.111191443,9.315,"0_30m",1320360,128970,196710,373500,291720,"GRE"
"149",1986-10-20,2236267000,3700000,38500000,0,42200000,0.00165454303980696,0.0172161910898833,0,0.0188707341296902,2232567000,2197767000,2236267000,2194067000,0.470071428571429,1.47864285714286,0.187714285714286,9.35714285714286,"0_30m",575612,302894,136800,39120,95100,"GRE"
"150",2015-04-13,2277902910,0,67271400,0,67271400,0,0.0295321629840668,0,0.0295321629840668,2277902910,2210631510,2277902910,2210631510,0.0533571428571429,1.26314285714286,0.0208571428571429,6.77857142857143,"0_30m",770950,511090,32700,173250,53040,"GRE"
"151",2005-03-15,2281812500,0,10062000,0,10062000,0,0.00440965241447314,0,0.00440965241447314,2281812500,2271750500,2281812500,2271750500,0.0175032664285714,1.88161835714286,0.0329816985714286,3.23285714285714,"0_30m",1019400,567870,19890,367320,64320,"GRE"
"152",2008-04-15,2295127420,0,2360400,0,2360400,0,0.00102843963234076,0,0.00102843963234076,2295127420,2292767020,2295127420,2292767020,0.0787101507142857,1.66624521428571,0.00814526321428571,6.64928571428571,"0_30m",2250630,1218510,101670,853080,77370,"GRE"
"153",1999-09-06,2305192000,153700000,42600000,0,196300000,0.0666755740953465,0.0184800224883654,0,0.0851555965837119,2151492000,2262592000,2305192000,2108892000,0.174857142857143,1.43828571428571,0.0784285714285714,10.9,"0_30m",879790,415060,35970,156240,129000,"GRE"
"154",1988-11-07,2305476000,228300000,405520000,11200000,645020000,0.0990251037096027,0.175894262182734,0.00485799895553022,0.279777364847867,2077176000,1899956000,2294276000,1660456000,0.406285714285714,1.21135714285714,0.1285,8.13571428571429,"0_30m",830678,247508,330600,97260,149700,"GRE"
"155",2011-03-07,2306759780,6744000,0,0,6744000,0.00292358140560262,0,0,0.00292358140560262,2300015780,2306759780,2306759780,2300015780,0.0370256792857143,1.75404057142857,0.0336152471428571,3.89,"0_30m",693080,402230,15030,79560,196260,"GRE"
"156",2008-08-11,2325691670,82800000,7587000,2360400,92747400,0.0356023118060185,0.00326225531005148,0.00101492387423824,0.0398794909903083,2242891670,2318104670,2323331270,2232944270,0.131578657857143,1.22510371428571,0.0350911473571429,11.8164285714286,"0_30m",1919840,349910,179010,906690,21570,"GRE"
"157",2000-06-13,2335432400,1201450000,0,0,1201450000,0.514444348721033,0,0,0.514444348721033,1133982400,2335432400,2335432400,1133982400,0.03,1.75742857142857,0.0274285714285714,10.5071428571429,"0_30m",2248960,1081540,606000,458820,101100,"GRE"
"158",1998-06-22,2343715000,8740000,0,0,8740000,0.00372912235489383,0,0,0.00372912235489383,2334975000,2343715000,2343715000,2334975000,0.0411428571428571,1.68107142857143,0.0467857142857143,10.7785714285714,"0_30m",1417980,164200,294000,884310,75300,"GRE"
"159",1992-11-09,2345542500,413850000,480900000,5950000,900700000,0.176441057878934,0.20502719520111,0.00253672657817967,0.384004979658224,1931692500,1864642500,2339592500,1444842500,0.516,0.993785714285714,0.132785714285714,7.61428571428571,"0_30m",595120,292780,39600,47940,209400,"GRE"
"160",2003-10-20,2356883000,140870000,15370000,0,156240000,0.0597696194507746,0.00652132498728193,0,0.0662909444380565,2216013000,2341513000,2356883000,2200643000,0.300071428571429,1.15392857142857,0.0925,8.67785714285714,"0_30m",376500,191040,33150,5730,104100,"GRE"
"161",1987-12-07,2357213000,321550000,5390000,24500000,351440000,0.13641109225174,0.00228659862303491,0.0103936301047042,0.149091320979479,2035663000,2351823000,2332713000,2005773000,0.646142857142857,1.31328571428571,0.195285714285714,6.65714285714286,"0_30m",720776,264896,182400,158580,114900,"GRE"
"162",1986-09-22,2370520600,2675000,16800000,0,19475000,0.00112844410632837,0.00708705083600623,0,0.00821549494233461,2367845600,2353720600,2370520600,2351045600,0.340285714285714,1.63992857142857,0.162142857142857,9.69285714285714,"0_30m",912370,401770,159900,70440,239400,"GRE"
"163",1988-02-29,2382746000,24700000,3.6e+07,0,60700000,0.0103661909410403,0.0151086183756053,0,0.0254748093166456,2358046000,2346746000,2382746000,2322046000,0.00442857142857143,2.15335714285714,0.107285714285714,4.2,"0_30m",1496832,930372,14880,326280,225300,"GRE"
"164",2006-06-12,2426358650,140625000,22255200,2360400,165240600,0.0579572191440041,0.00917226313595478,0.000972815787146719,0.0681022980671056,2285733650,2404103450,2423998250,2261118050,0.052230705,2.31295664285714,0.0453615471428571,9.24142857142857,"0_30m",1677220,984970,213480,238680,238680,"GRE"
"165",1989-11-06,2468445000,135100000,21420000,0,156520000,0.0547308123130149,0.00867752775532775,0,0.0634083400683426,2333345000,2447025000,2468445000,2311925000,0.516428571428571,1.094,0.157785714285714,9.16428571428571,"0_30m",539848,145768,157200,47940,159900,"GRE"
"166",2000-12-13,2513555000,1.849e+09,16500000,910000,1866410000,0.735611514369091,0.00656440778101136,0.000362037035195172,0.742537959185297,664555000,2497055000,2512645000,647145000,0.406928571428571,0.982928571428571,0.095,7.02857142857143,"0_30m",941420,557480,58800,162840,149100,"GRE"
"167",2001-07-23,2529788000,0,713180000,0,713180000,0,0.281912950808526,0,0.281912950808526,2529788000,1816608000,2529788000,1816608000,0.0602142857142857,1.4795,0.0552142857142857,11.5314285714286,"0_30m",2094280,1480900,89400,373200,145500,"GRE"
"168",2008-06-09,2531350490,184000,2529000,0,2713000,7.26884723102884e-05,0.000999071448221301,0,0.00107175992053159,2531166490,2528821490,2531350490,2528637490,0.0921675664285714,1.63619771428571,0.0320114462142857,10.1014285714286,"0_30m",1663430,498590,309390,795570,59670,"GRE"
"169",1994-02-28,2537905000,26750000,7.7e+07,0,103750000,0.0105401896446084,0.0303399851452281,0,0.0408801747898365,2511155000,2460905000,2537905000,2434155000,0.0184285714285714,2.07885714285714,0.0763571428571429,3.50714285714286,"0_30m",644780,234410,5100,93060,312000,"GRE"
"170",2013-10-07,2542044600,23604000,43498800,0,67102800,0.00928543897302195,0.0171117375359976,0,0.0263971765090196,2518440600,2498545800,2542044600,2474941800,0.206428571428571,1.26428571428571,0.0754285714285714,9.7,"0_30m",1553050,405310,101100,663000,179010,"GRE"
"171",1986-07-28,2575507000,52015000,22500000,0,74515000,0.0201960235402195,0.00873614399029007,0,0.0289321675305095,2523492000,2553007000,2575507000,2500992000,0.154571428571429,2.04021428571429,0.139214285714286,10.6285714285714,"0_30m",1599702,356862,777000,322800,135480,"GRE"
"172",2004-03-08,2583064550,338000,70200000,0,70538000,0.000130852324228599,0.0271770211859398,0,0.0273078735101684,2582726550,2512864550,2583064550,2512526550,0.0343706496428571,1.99425242857143,0.0308034814285714,3.64071428571429,"0_30m",1235000,802670,48630,180330,169740,"GRE"
"173",1995-03-06,2606446000,5e+05,105100000,3400000,1.09e+08,0.000191832096272089,0.040323106636393,0.0013044582546502,0.0418193969873153,2605946000,2501346000,2603046000,2497446000,0.0105,2.09221428571429,0.0631428571428571,4.65714285714286,"0_30m",558656,224006,20100,13080,298500,"GRE"
"174",2008-05-13,2617084770,0,4299300,0,4299300,0,0.00164278209452115,0,0.00164278209452115,2617084770,2612785470,2617084770,2612785470,0.131726637857143,1.57983007142857,0.017786759,9.44642857142857,"0_30m",3023400,1915980,90600,956940,59670,"GRE"
"175",2007-03-12,2618646460,0,239749200,0,239749200,0,0.0915546270419414,0,0.0915546270419414,2618646460,2378897260,2618646460,2378897260,0.0596344,1.56126735714286,0.0370987342857143,5.79214285714286,"0_30m",1191010,628750,116700,205530,236040,"GRE"
"176",2000-02-22,2654768000,2700000,11895000,0,14595000,0.00101703802366158,0.00448061751535351,0,0.00549765553901508,2652068000,2642873000,2654768000,2640173000,0.0107857142857143,1.63192857142857,0.0404285714285714,3.55714285714286,"0_30m",827600,542720,14040,156540,114300,"GRE"
"177",1989-08-14,2665723000,411700000,1890000,69000,413659000,0.15444215321697,0.000709000897692671,2.5884159757034e-05,0.155177038274419,2254023000,2663833000,2665654000,2252064000,0.207642857142857,1.44521428571429,0.122142857142857,12.1642857142857,"0_30m",1266142,613588,215100,144210,113340,"GRE"
"178",2008-10-13,2677138780,44125500,187989000,11802000,243916500,0.0164823356673351,0.0702201176137757,0.00440843787709803,0.0911108911582088,2633013280,2489149780,2665336780,2433222280,0.36079256,0.717704764285714,0.0532268657142857,9.905,"0_30m",1213532,136502,265290,692190,11940,"GRE"
"179",1993-05-24,2691841000,125000,137970000,4130000,142225000,4.64366208851117e-05,0.0512548846681509,0.00153426595404409,0.0528355872430801,2691716000,2553871000,2687711000,2549616000,0.0687857142857143,2.38264285714286,0.0562857142857143,8.95,"0_30m",2516923,1391443,445800,400440,272100,"GRE"
"180",2008-07-14,2748574160,82938000,77556000,2360400,162854400,0.0301749180382311,0.0282168118760165,0.000858772535357023,0.0592505024496046,2665636160,2671018160,2746213760,2585719760,0.0908796878571429,1.57521910714286,0.0357752494285714,11.2185714285714,"0_30m",591910,118480,27390,383670,14160,"GRE"
"181",1994-12-05,2752137000,576320000,2.48e+08,0,824320000,0.209408179898021,0.0901117931265776,0,0.299519973024599,2175817000,2504137000,2752137000,1927817000,0.466,1.26607142857143,0.125571428571429,7.92857142857143,"0_30m",437534,1694,102960,65310,259200,"GRE"
"182",2005-04-19,2799515050,0,10179000,0,10179000,0,0.00363598688279958,0,0.00363598688279958,2799515050,2789336050,2799515050,2789336050,0.135200726428571,1.6864665,0.0205347252857143,6.45142857142857,"0_30m",4653500,3526400,99450,991830,35820,"GRE"
"183",2006-09-12,2802017210,2863500,217494000,2360400,222717900,0.00102194233132494,0.0776205082623315,0.000842393112924528,0.0794848437065809,2799153710,2584523210,2799656810,2579299310,0.203141145,1.74456092142857,0.0666476368571429,10.7528571428571,"0_30m",1375708,261088,120990,608340,150840,"GRE"
"184",1991-08-19,2830005600,1621710000,7770000,0,1629480000,0.573041268893602,0.00274557760592417,0,0.575786846499526,1208295600,2822235600,2830005600,1200525600,0.241071428571429,1.589,0.114142857142857,11.1071428571429,"0_30m",1144562,431282,306000,105150,261000,"GRE"
"185",1990-09-18,2837335000,439350000,66630000,0,505980000,0.154846008666583,0.023483303874939,0,0.178329312541522,2397985000,2770705000,2837335000,2331355000,0.314142857142857,1.09028571428571,0.131142857142857,11.0928571428571,"0_30m",599198,178490,86100,42360,221700,"GRE"
"186",1991-03-04,2864603900,15039500,12600000,4830000,32469500,0.00525011503335592,0.00439851387481529,0.00168609698534586,0.0113347258935171,2849564400,2852003900,2859773900,2832134400,0.0496428571428571,2.16728571428571,0.0922142857142857,3.52142857142857,"0_30m",379276,117136,16500,85440,159900,"GRE"
"187",1991-09-16,2893730000,911800000,4410000,0,916210000,0.315095050332961,0.00152398461501246,0,0.316619034947974,1981930000,2889320000,2893730000,1977520000,0.306285714285714,1.33457142857143,0.1165,10.7928571428571,"0_30m",1453564,464584,495000,82020,327600,"GRE"
"188",1996-11-11,3014772000,185500000,16340000,0,201840000,0.0615303578512737,0.00541997869158928,0,0.0669503365428629,2829272000,2998432000,3014772000,2812932000,0.341714285714286,1.19621428571429,0.0934285714285714,7.67857142857143,"0_30m",478120,187000,97800,50100,74970,"GRE"
"189",1988-09-12,3031240000,25660000,469600000,0,495260000,0.00846518256555073,0.15492009870548,0,0.163385281271031,3005580000,2561640000,3031240000,2535980000,0.178642857142857,1.47335714285714,0.117928571428571,11.1714285714286,"0_30m",419818,109554,81900,106410,21180,"GRE"
"190",1987-10-05,3038889000,811375000,79800000,0,891175000,0.266997248007413,0.0262595968460842,0,0.293256844853497,2227514000,2959089000,3038889000,2147714000,0.425714285714286,1.43735714285714,0.155357142857143,9.75714285714286,"0_30m",957826,450196,201300,159660,145290,"GRE"
"191",1992-06-22,3052292000,408435000,2.87e+08,2030000,697465000,0.133812557907304,0.0940277011504797,0.000665073983747296,0.228505333041531,2643857000,2765292000,3050262000,2354827000,0.0332142857142857,2.34214285714286,0.0845714285714286,10.7428571428571,"0_30m",897624,2544,41160,276840,576000,"GRE"
"192",1994-06-20,3053191000,10070000,6.74e+08,0,684070000,0.00329818868193965,0.220752648622376,0,0.224050837304315,3043121000,2379191000,3053191000,2369121000,0.0296428571428571,1.88771428571429,0.0689285714285714,10.3071428571429,"0_30m",1106742,526902,303600,121140,152700,"GRE"
"193",1999-03-29,3056156000,63350000,593250000,0,656600000,0.0207286539037929,0.194116399817287,0,0.21484505372108,2992806000,2462906000,3056156000,2399556000,0.0365,1.99357142857143,0.0352857142857143,4.44285714285714,"0_30m",1805690,1233500,27000,410190,120900,"GRE"
"194",1990-03-05,3076970000,152385000,0,0,152385000,0.0495243697533613,0,0,0.0495243697533613,2924585000,3076970000,3076970000,2924585000,0.408071428571429,1.66864285714286,0.0992142857142857,4.47857142857143,"0_30m",779874,452664,6450,123120,191700,"GRE"
"195",2006-07-10,3133814000,942050000,3540600,0,945590600,0.300608140751174,0.00112980540644722,0,0.301737946157621,2191764000,3130273400,3133814000,2188223400,0.0930365278571429,2.22936585714286,0.0545221928571429,11.2307142857143,"0_30m",1515100,358420,206850,811500,119340,"GRE"
"196",1988-05-25,3165406000,260000,5600000,0,5860000,8.21379627131559e-05,0.0017691253507449,0,0.00185126331345805,3165146000,3159806000,3165406000,3159546000,0.0305714285714286,2.27471428571429,0.0935714285714286,9.15714285714286,"0_30m",1660200,452040,614790,329370,264000,"GRE"
"197",1986-06-30,3197919000,1775000,8.4e+07,0,85775000,0.000555048454948359,0.0262670818116406,0,0.026822130266589,3196144000,3113919000,3197919000,3112144000,0.0627857142857143,2.35614285714286,0.119785714285714,10.4857142857143,"0_30m",1925236,877336,454680,345600,234900,"GRE"
"198",2004-04-14,3252372600,0,317187000,0,317187000,0,0.0975248038923954,0,0.0975248038923954,3252372600,2935185600,3252372600,2935185600,0.0558866057142857,1.91200414285714,0.0129341753571429,5.92642857142857,"0_30m",2020280,1243250,41100,543660,152490,"GRE"
"199",1991-06-24,3254999000,162295000,1791700000,3780000,1957775000,0.0498602303718066,0.550445637617707,0.00116129067935198,0.601467158668866,3092704000,1463299000,3251219000,1297224000,0.0913571428571429,1.93764285714286,0.0925714285714286,9.70714285714286,"0_30m",1525661,372491,264600,618510,270000,"GRE"
"200",1989-02-27,3256620000,83495000,11900000,0,95395000,0.0256385454858104,0.00365409535039397,0,0.0292926408362044,3173125000,3244720000,3256620000,3161225000,0.0107142857142857,2.15314285714286,0.0844285714285714,4.45714285714286,"0_30m",576756,267666,64800,75090,143100,"GRE"
"201",2006-08-14,3263206450,235911000,8699760,2360400,246971160,0.0722942307251201,0.00266601581398566,0.000723337623949597,0.0756835841630553,3027295450,3254506690,3260846050,3016235290,0.170038535714286,1.87877712142857,0.0623987181428571,10.3407142857143,"0_30m",938120,152150,23880,625890,76920,"GRE"
"202",1988-08-15,3286967000,440200000,396240000,660000,837100000,0.133922853499898,0.120548822059972,0.000200793010699529,0.25467246857057,2846767000,2890727000,3286307000,2449867000,0.0934285714285714,1.79085714285714,0.110071428571429,11.4285714285714,"0_30m",898222,209272,375000,168840,125280,"GRE"
"203",1987-11-02,3289752000,510810000,68300000,0,579110000,0.155273102653331,0.0207614434157955,0,0.176034546069126,2778942000,3221452000,3289752000,2710642000,0.523714285714286,1.32257142857143,0.174357142857143,8.92142857142857,"0_30m",1361152,588502,393000,227280,150300,"GRE"
"204",1998-04-28,3290683000,0,3220000,0,3220000,0,0.000978520264638071,0,0.000978520264638071,3290683000,3287463000,3290683000,3287463000,0.125071428571429,1.49007142857143,0.0322857142857143,6.99285714285714,"0_30m",1129010,558800,32100,467610,70500,"GRE"
"205",1992-09-14,3294037000,100580000,319600000,0,420180000,0.0305339618225296,0.0970238039220567,0,0.127557765744586,3193457000,2974437000,3294037000,2873857000,0.363214285714286,1.04485714285714,0.112785714285714,10.5714285714286,"0_30m",1536174,819744,132900,82500,158100,"GRE"
"206",2007-06-11,3326484060,41467440,274649400,35406000,351522840,0.0124658465972027,0.0825644719908864,0.0106436704223979,0.105673989010487,3285016620,3051834660,3291078060,2974961220,0.0697594428571429,1.87886871428571,0.0568586340714286,10.9964285714286,"0_30m",1633780,547750,234690,731970,114060,"GRE"
"207",1987-06-09,3335179000,1140000,0,0,1140000,0.000341810739393598,0,0,0.000341810739393598,3334039000,3335179000,3335179000,3334039000,0.0359285714285714,2.39742857142857,0.0855714285714286,8.79285714285714,"0_30m",2554950,630720,832200,583920,484200,"GRE"
"208",2002-09-23,3336337000,20150000,437330000,0,457480000,0.00603955775450741,0.131080883016314,0,0.137120440770821,3316187000,2899007000,3336337000,2878857000,0.259571428571429,1.01414285714286,0.0781428571428571,11.1521428571429,"0_30m",1215340,625660,104400,75570,295500,"GRE"
"209",1989-09-12,3352684000,1462895000,84280000,0,1547175000,0.436335485241079,0.0251380684848319,0,0.46147355372591,1889789000,3268404000,3352684000,1805509000,0.323785714285714,1.36621428571429,0.123714285714286,11.3,"0_30m",1000854,307104,273000,129210,241200,"GRE"
"210",1995-05-30,3499632000,1e+06,1.53e+08,0,1.54e+08,0.000285744329689522,0.0437188824424968,0,0.0440046267721863,3498632000,3346632000,3499632000,3345632000,0.0129285714285714,1.96407142857143,0.0518571428571429,9.60714285714286,"0_30m",1841346,339906,786000,240240,422100,"GRE"
"211",2007-07-09,3594321560,248469000,14499600,3540600,266509200,0.0691282056578154,0.00403402972103587,0.000985053769090153,0.0741472891479415,3345852560,3579821960,3590780960,3327812360,0.114963337142857,1.74358912857143,0.0539340112142857,11.0842857142857,"0_30m",748580,43790,82200,592740,17250,"GRE"
"212",1995-10-16,3649649000,3.7e+08,115350000,0,485350000,0.101379612121604,0.0316057790762893,0,0.132985391197893,3279649000,3534299000,3649649000,3164299000,0.221642857142857,1.30621428571429,0.095,10.3714285714286,"0_30m",771232,328372,135600,27840,111300,"GRE"
"213",1996-03-04,3704489000,1500000,0,0,1500000,0.000404914146053612,0,0,0.000404914146053612,3702989000,3704489000,3704489000,3702989000,0.024,1.87435714285714,0.0575714285714286,2.82857142857143,"0_30m",556540,285160,8520,88410,173100,"GRE"
"214",2007-10-08,3722027230,45817050,1161822600,0,1207639650,0.0123097030646925,0.312147796941292,0,0.324457500005985,3676210180,2560204630,3722027230,2514387580,0.360244977142857,0.750923034285714,0.0644941111428571,10.8871428571429,"0_30m",1035850,547840,56580,260790,133470,"GRE"
"215",1989-10-16,3798120000,512255000,38100000,2940000,553295000,0.134870672859204,0.0100312786325866,0.000774067170073615,0.145676018661864,3285865000,3760020000,3795180000,3244825000,0.389357142857143,1.17835714285714,0.148214285714286,9.69285714285714,"0_30m",1154746,245262,122400,100650,614400,"GRE"
"216",1992-10-12,3898650000,1064485000,673760000,1510000,1739755000,0.273039385428289,0.172818796249984,0.000387313557256999,0.44624549523553,2834165000,3224890000,3897140000,2158895000,0.412928571428571,0.968357142857143,0.114928571428571,9.49285714285714,"0_30m",760212,347562,81300,39780,226500,"GRE"
"217",2003-04-14,3910672800,1700000,3290000,0,4990000,0.000434707807822736,0.000841287463374589,0,0.00127599527119732,3908972800,3907382800,3910672800,3905682800,0.107142857142857,1.609,0.0277857142857143,6.04571428571429,"0_30m",1766740,1062280,53100,573000,73080,"GRE"
"218",2016-09-05,3966147110,55874040,718044920,0,773918960,0.014087737658324,0.181043440922694,0,0.195131178581018,3910273070,3248102190,3966147110,3192228150,0.255,0.744285714285714,0.0805,11.6857142857143,"0_30m",1817170,530680,512160,598380,19920,"GRE"
"219",1989-03-28,4012587000,565150000,18200000,0,583350000,0.140844298204625,0.00453572720043204,0,0.145380025405057,3447437000,3994387000,4012587000,3429237000,0.0508571428571429,1.98128571428571,0.0612142857142857,6.18571428571429,"0_30m",461076,237622,43500,76140,76500,"GRE"
"220",1991-07-22,4017382800,2.46e+09,46330000,40600000,2546930000,0.612338958587666,0.0115323837200677,0.010106081999455,0.633977424307188,1557382800,3971052800,3976782800,1470452800,0.140785714285714,1.86378571428571,0.108928571428571,10.8857142857143,"0_30m",1121222,578312,167700,155550,214500,"GRE"
"221",1992-08-17,4099512000,1028575000,45880000,0,1074455000,0.250901814655013,0.0111915759729451,0,0.262093390627958,3070937000,4053632000,4099512000,3025057000,0.1965,1.76414285714286,0.0891428571428571,11.4357142857143,"0_30m",413426,209416,36900,80100,64800,"GRE"
"222",1995-06-26,4107552000,475000,1258300000,0,1258775000,0.000115640654092754,0.306338179041921,0,0.306453819696014,4107077000,2849252000,4107552000,2848777000,0.016,1.88735714285714,0.0612857142857143,10.1642857142857,"0_30m",1062772,425512,258450,125250,234600,"GRE"
"223",1993-03-01,4169235000,7465000,269680000,0,277145000,0.00179049633805722,0.0646833291958837,0,0.0664738255339409,4161770000,3899555000,4169235000,3892090000,0.00678571428571429,2.01057142857143,0.0642142857142857,2.7,"0_30m",491896,333656,2100,102480,51840,"GRE"
"224",1994-07-11,4183642000,832090000,2.05e+08,0,1037090000,0.198891300928712,0.0490003685783822,0,0.247891669507095,3351552000,3978642000,4183642000,3146552000,0.0445714285714286,1.90085714285714,0.0683571428571429,12.0071428571429,"0_30m",1290978,691158,285000,133920,178500,"GRE"
"225",2002-03-25,4203418000,340000,2.07e+08,0,207340000,8.08865547038148e-05,0.0492456377167343,0,0.0493265242714381,4203078000,3996418000,4203418000,3996078000,0.0637857142857143,1.55928571428571,0.0273571428571429,6.10714285714286,"0_30m",3022440,2022900,78420,767400,143100,"GRE"
"226",1995-08-21,4233719000,126510000,582200000,0,708710000,0.0298815296905628,0.137515031110945,0,0.167396560801508,4107209000,3651519000,4233719000,3525009000,0.0944285714285714,1.47742857142857,0.0702142857142857,11.6428571428571,"0_30m",1512654,500814,279000,97500,201000,"GRE"
"227",1990-04-02,4286178300,2600000,0,0,2600000,0.000606600989977482,0,0,0.000606600989977482,4283578300,4286178300,4286178300,4283578300,0.225285714285714,1.52628571428571,0.0652857142857143,6.29285714285714,"0_30m",1262554,545494,9000,213180,489300,"GRE"
"228",2004-10-18,4295427090,2433654600,49062000,13860000,2496576600,0.566568713426818,0.0114219142758165,0.00322668729083235,0.581217314993467,1861772490,4246365090,4281567090,1798850490,0.400796647857143,1.08430422428571,0.09880167,9.28357142857143,"0_30m",577090,128200,138900,139560,161460,"GRE"
"229",1991-10-14,4305331000,943050000,24276000,0,967326000,0.219042391862554,0.00563859085399009,0,0.224680982716544,3362281000,4281055000,4305331000,3338005000,0.372357142857143,1.26957142857143,0.128928571428571,8.85,"0_30m",1165156,553396,41100,73470,419100,"GRE"
"230",1996-04-01,4389668000,1450000,0,0,1450000,0.000330321108566753,0,0,0.000330321108566753,4388218000,4389668000,4389668000,4388218000,0.0411428571428571,1.97521428571429,0.0359285714285714,4.25714285714286,"0_30m",764300,402680,7440,140910,211200,"GRE"
"231",1994-09-19,4562963000,225720000,414710000,0,640430000,0.0494678567413323,0.0908861193921581,0,0.14035397613349,4337243000,4148253000,4562963000,3922533000,0.263,1.28985714285714,0.100785714285714,10.6785714285714,"0_30m",3200082,2571702,53100,59940,209400,"GRE"
"232",2000-11-06,4579668500,3042962000,67140000,0,3110102000,0.664450276259079,0.0146604497683621,0,0.679110726027441,1536706500,4512528500,4579668500,1469566500,0.416214285714286,0.980714285714286,0.0905,8.67142857142857,"0_30m",874780,537640,146190,42600,132000,"GRE"
"233",1996-06-24,4771858000,710800000,0,0,710800000,0.148956653781399,0,0,0.148956653781399,4061058000,4771858000,4771858000,4061058000,0.0238571428571429,1.90607142857143,0.0361428571428571,9.8,"0_30m",1737670,454900,483000,434400,363600,"GRE"
"234",1996-10-21,4833172000,511800000,5.59e+08,0,1070800000,0.10589318981406,0.115659033032551,0,0.221552222846611,4321372000,4274172000,4833172000,3762372000,0.274071428571429,1.22414285714286,0.0807857142857143,8.30714285714286,"0_30m",761030,252500,178320,53790,138120,"GRE"
"235",1998-08-18,4894287000,1.596e+09,0,0,1.596e+09,0.326094485264146,0,0,0.326094485264146,3298287000,4894287000,4894287000,3298287000,0.186,1.16507142857143,0.0620714285714286,12.1142857142857,"0_30m",1330650,466840,169800,112800,66600,"GRE"
"236",1997-03-03,4974531000,4850000,0,0,4850000,0.000974966283253637,0,0,0.000974966283253637,4969681000,4974531000,4974531000,4969681000,0.0139285714285714,1.81792857142857,0.04,3.82142857142857,"0_30m",702570,266820,24000,207900,185700,"GRE"
"237",1996-05-29,4997627500,6500000,0,0,6500000,0.00130061714283427,0,0,0.00130061714283427,4991127500,4997627500,4997627500,4991127500,0.149857142857143,1.70657142857143,0.0304285714285714,8.16428571428571,"0_30m",1200400,1600,414000,537900,246900,"GRE"
"238",1995-07-26,5160545000,163950000,391800000,0,555750000,0.0317699002721612,0.0759222136421638,0,0.107692113914325,4996595000,4768745000,5160545000,4604795000,0.0212142857142857,1.63121428571429,0.0705714285714286,11.7857142857143,"0_30m",1043610,413220,253350,168900,159300,"GRE"
"239",1993-06-21,5180934000,775750000,3069840000,0,3845590000,0.149731689305442,0.592526366867441,0,0.742258056172883,4405184000,2111094000,5180934000,1335344000,0.0879285714285714,2.00492857142857,0.0721428571428571,10.2357142857143,"0_30m",2560890,1223280,284370,383400,645000,"GRE"
"240",1993-08-16,5225482900,348650000,3544300000,0,3892950000,0.0667211062923964,0.678272241595126,0,0.744993347887522,4876832900,1681182900,5225482900,1332532900,0.2255,1.663,0.0980714285714286,11.0071428571429,"0_30m",483773,190013,89400,83040,118200,"GRE"
"241",1996-08-19,5250777000,458750000,275300000,138000,734188000,0.0873680219137092,0.0524303355484341,2.62818245756771e-05,0.139824639286719,4792027000,4975477000,5250639000,4516589000,0.0954285714285714,1.54442857142857,0.0477142857142857,10.8357142857143,"0_30m",892380,286440,32700,130770,131700,"GRE"
"242",1991-12-09,5250986000,172550000,18200000,8400000,199150000,0.0328604951527199,0.00346601571590555,0.00159969956118718,0.0379262104298126,5078436000,5232786000,5242586000,5051836000,0.452857142857143,1.25792857142857,0.126428571428571,5.62857142857143,"0_30m",1098234,453534,363000,116460,163800,"GRE"
"243",1993-04-28,5386383500,8e+05,78060000,87000,78947000,0.000148522659034582,0.0144920984552994,1.61518391700108e-05,0.014656772953504,5385583500,5308323500,5386296500,5307436500,0.110357142857143,2.08671428571429,0.0400714285714286,7.49285714285714,"0_30m",2161233,1218683,242100,529800,161700,"GRE"
"244",1994-10-10,5533587000,405610000,329450000,0,735060000,0.0732996517448809,0.0595364272758339,0,0.132836079020715,5127977000,5204137000,5533587000,4798527000,0.308214285714286,1.25428571428571,0.101857142857143,9.77142857142857,"0_30m",925670,418940,87330,35850,201300,"GRE"
"245",1996-09-23,5571752000,387830000,447200000,0,835030000,0.0696064720755698,0.0802620073542397,0,0.14986847942981,5183922000,5124552000,5571752000,4736722000,0.169428571428571,1.378,0.0642857142857143,9.14285714285714,"0_30m",1526980,635140,240000,37380,279300,"GRE"
"246",1993-09-13,5605929000,451200000,1514600000,0,1965800000,0.0804862137925757,0.2701782345085,0,0.350664448301076,5154729000,4091329000,5605929000,3640129000,0.313357142857143,1.45742857142857,0.104214285714286,9.98571428571429,"0_30m",617226,219366,136200,64650,179100,"GRE"
"247",1986-04-07,5635038000,135000,0,0,135000,2.39572474932733e-05,0,0,2.39572474932733e-05,5634903000,5635038000,5635038000,5634903000,0.0116428571428571,1.9345,0.0924285714285714,4.41428571428571,"0_30m",931798,619288,1620,119490,191400,"GRE"
"248",1991-11-11,5649255000,2027650000,7.7e+07,15610000,2120260000,0.358923433266864,0.0136301158294324,0.00276319620905765,0.375316745305354,3621605000,5572255000,5633645000,3528995000,0.420357142857143,1.14164285714286,0.128142857142857,6.50714285714286,"0_30m",684188,336878,150600,58650,127500,"GRE"
"249",1998-04-06,5785174000,9240000,243600000,0,252840000,0.00159718618662118,0.0421076358291038,0,0.043704822015725,5775934000,5541574000,5785174000,5532334000,0.0849285714285714,1.48614285714286,0.0265714285714286,5.78571428571429,"0_30m",1100980,594100,37200,334380,135300,"GRE"
"250",1996-04-29,5895988000,2650000,0,0,2650000,0.000449458173931155,0,0,0.000449458173931155,5893338000,5895988000,5895988000,5893338000,0.091,1.73407142857143,0.0218571428571429,6.86428571428571,"0_30m",1808040,430440,90570,1007940,279000,"GRE"
"251",1997-09-04,5975200000,1656800000,4130000,0,1660930000,0.277279421609319,0.000691190253045923,0,0.277970611862364,4318400000,5971070000,5975200000,4314270000,0.238571428571429,1.14428571428571,0.0747142857142857,12.1857142857143,"0_30m",625030,2740,123900,53040,140640,"GRE"
"252",1990-10-15,6038846000,4298450000,149900000,7200000,4455550000,0.711799903491495,0.0248226233952646,0.00119228077682392,0.737814807663583,1740396000,5888946000,6031646000,1583296000,0.425214285714286,1.00378571428571,0.140428571428571,10.55,"0_30m",1004024,289626,370290,135060,182100,"GRE"
"253",1987-03-09,6235540000,2100000,0,0,2100000,0.000336779172293017,0,0,0.000336779172293017,6233440000,6235540000,6235540000,6233440000,0.0236428571428571,2.37407142857143,0.0964285714285714,3.12857142857143,"0_30m",946582,374002,8790,317490,239400,"GRE"
"254",1988-07-11,6411080000,2850000,1.19e+09,34516000,1227366000,0.000444542885130118,0.185616152036786,0.00538380428882497,0.191444499210741,6408230000,5221080000,6376564000,5183714000,0.0473571428571429,1.96657142857143,0.104142857142857,10.9285714285714,"0_30m",1620401,372925,744000,371370,115800,"GRE"
"255",1988-10-03,6520329000,1346385000,16800000,0,1363185000,0.206490347342902,0.00257655710317685,0,0.209066904446079,5173944000,6503529000,6520329000,5157144000,0.308785714285714,1.30357142857143,0.132428571428571,9.98571428571429,"0_30m",780508,295172,192900,105840,159000,"GRE"
"256",1994-11-09,6614132400,302290000,287700000,0,589990000,0.0457036511697286,0.043497768505511,0,0.0892014196752396,6311842400,6326432400,6614132400,6024142400,0.408357142857143,1.03178571428571,0.126428571428571,8.90714285714286,"0_30m",627298,221308,242730,43020,101700,"GRE"
"257",1989-07-17,6647652000,2.7e+09,12600000,0,2712600000,0.406158445117163,0.00189540607721343,0,0.408053851194377,3947652000,6635052000,6647652000,3935052000,0.0956428571428572,1.76942857142857,0.104785714285714,11.5428571428571,"0_30m",963122,373972,195000,134220,223200,"GRE"
"258",1998-03-02,6650913400,0,16100000,0,16100000,0,0.00242072013747766,0,0.00242072013747766,6650913400,6634813400,6650913400,6634813400,0.0232142857142857,1.69828571428571,0.0384285714285714,4.08571428571429,"0_30m",644410,251860,14640,153510,224400,"GRE"
"259",1993-10-04,6673320000,215120000,830700000,0,1045820000,0.0322358286430143,0.124480768193343,0,0.156716596836357,6458200000,5842620000,6673320000,5627500000,0.458357142857143,1.10142857142857,0.115357142857143,9.10714285714286,"0_30m",756434,151124,317940,54450,216300,"GRE"
"260",1997-07-14,6740376000,625500000,4900000,0,630400000,0.0927989773864247,0.000726962412779346,0,0.0935259397992041,6114876000,6735476000,6740376000,6109976000,0.0632142857142857,1.569,0.0572142857142857,11.5357142857143,"0_30m",824980,272200,270000,206310,71970,"GRE"
"261",1997-08-11,6789014000,1162350000,6580000,0,1168930000,0.1712104290844,0.000969212907794858,0,0.172179641992195,5626664000,6782434000,6789014000,5620084000,0.1495,1.31028571428571,0.0673571428571429,12.2142857142857,"0_30m",891660,430740,100500,186870,32400,"GRE"
"262",1986-05-05,6843010000,135000,0,0,135000,1.97281605609228e-05,0,0,1.97281605609228e-05,6842875000,6843010000,6843010000,6842875000,0.115428571428571,1.859,0.0855,7.15714285714286,"0_30m",1940482,937192,25200,736500,238800,"GRE"
"263",1990-08-20,6911038000,3.991e+09,16950000,0,4007950000,0.577481993298257,0.00245259829276007,0,0.579934591591017,2920038000,6894088000,6911038000,2903088000,0.303357142857143,1.13407142857143,0.130285714285714,11.6928571428571,"0_30m",1273668,434208,279000,146340,266100,"GRE"
"264",1997-06-23,7014880000,4303060000,0,0,4303060000,0.613418903815888,0,0,0.613418903815888,2711820000,7014880000,7014880000,2711820000,0.0427857142857143,2.05792857142857,0.0511428571428571,10.6785714285714,"0_30m",1366050,516030,270900,374670,198570,"GRE"
"265",1987-04-24,7053280000,0,7e+05,0,7e+05,0,9.92446067645124e-05,0,9.92446067645124e-05,7053280000,7052580000,7053280000,7052580000,0.0672142857142857,2.11957142857143,0.0532857142857143,6.32857142857143,"0_30m",2291622,1618512,28200,547500,96000,"GRE"
"266",1992-03-30,7148564000,195000,5460000,156000,5811000,2.72782058046903e-05,0.000763789762531328,2.18225646437522e-05,0.00081289053297977,7148369000,7143104000,7148408000,7142753000,0.0463571428571429,2.21928571428571,0.0431428571428571,4.53571428571429,"0_30m",2523926,1056788,163500,861810,438900,"GRE"
"267",1995-09-18,7228246000,428300000,653600000,0,1081900000,0.0592536557278211,0.0904230431559745,0,0.149676698883796,6799946000,6574646000,7228246000,6146346000,0.162357142857143,1.4185,0.0841428571428571,10.4,"0_30m",1381850,501200,136860,98220,345000,"GRE"
"268",2001-06-25,7270845000,379200000,4.68e+09,0,5059200000,0.0521534979771952,0.643666588959055,0,0.69582008693625,6891645000,2590845000,7270845000,2211645000,0.0214285714285714,1.80392857142857,0.0548571428571429,11.2221428571429,"0_30m",3080410,2263900,185700,287820,342900,"GRE"
"269",1993-07-19,7361221000,959900000,4012100000,0,4.972e+09,0.130399562789923,0.545031863599802,0,0.675431426389725,6401321000,3349121000,7361221000,2389221000,0.127428571428571,1.77978571428571,0.0837142857142857,10.3857142857143,"0_30m",671232,170772,171000,147600,176700,"GRE"
"270",1995-04-03,7377362000,8e+05,89500000,660000,90960000,0.000108439846113014,0.0121317077838935,8.94628730432369e-05,0.0123296105030497,7376562000,7287862000,7376702000,7286402000,0.0109285714285714,2.057,0.0386428571428571,5.58571428571429,"0_30m",761160,208200,72600,51960,408000,"GRE"
"271",1988-03-28,7531102000,3600000,9800000,0,13400000,0.000478017692497061,0.00130127038513089,0,0.00177928807762795,7527502000,7521302000,7531102000,7517702000,0.0441428571428571,2.14657142857143,0.0887142857142857,5.10714285714286,"0_30m",2165192,695402,95400,1115190,259200,"GRE"
"272",1993-03-29,7676041000,360000,205300000,972000,206632000,4.68991762811064e-05,0.0267455580291976,0.000126627775958987,0.0269190849814377,7675681000,7470741000,7675069000,7469409000,0.109214285714286,2.15478571428571,0.0347142857142857,3.77142857142857,"0_30m",1093374,558644,9270,393000,129000,"GRE"
"273",1987-04-13,7932210000,14100000,0,0,14100000,0.00177756262126192,0,0,0.00177756262126192,7918110000,7932210000,7932210000,7918110000,0.0612857142857143,2.22935714285714,0.0600714285714286,5.15,"0_30m",3904262,3098602,49200,531480,224100,"GRE"
"274",1994-03-28,8261961000,6500000,7e+07,0,76500000,0.000786738160589235,0.00847256480634561,0,0.00925930296693485,8255461000,8191961000,8261961000,8185461000,0.0154285714285714,2.03135714285714,0.0397142857142857,5.98571428571429,"0_30m",2169824,1271354,16170,475500,405900,"GRE"
"275",1990-07-18,8711336000,5867950000,40850000,0,5908800000,0.673599319323695,0.00468929220500736,0,0.678288611528702,2843386000,8670486000,8711336000,2802536000,0.119857142857143,1.57264285714286,0.112071428571429,11.3142857142857,"0_30m",1561658,771938,291000,173370,299400,"GRE"
"276",1991-03-25,9363452500,0,10500000,16770000,27270000,0,0.00112138124265595,0.00179100604184194,0.00291238728449789,9363452500,9352952500,9346682500,9336182500,0.0362142857142857,2.12335714285714,0.0607857142857143,4.70714285714286,"0_30m",572804,169474,12780,144810,245700,"GRE"
"277",1997-10-13,9921581000,1268200000,1.023e+09,0,2291200000,0.127822370245226,0.103108567072123,0,0.230930937317349,8653381000,8898581000,9921581000,7630381000,0.359357142857143,0.901642857142857,0.0911428571428572,10.6928571428571,"0_30m",1588880,374420,204000,74070,377400,"GRE"
"278",1994-04-25,10850725500,4550000,20300000,0,24850000,0.000419326799853153,0.00187084264549868,0,0.00229016944535183,10846175500,10830425500,10850725500,10825875500,0.0704285714285714,2.03778571428571,0.0354285714285714,7.36428571428571,"0_30m",1856802,972642,37800,539640,304500,"GRE"
"279",1990-06-25,13463712200,10074480000,75600000,0,10150080000,0.748269114070932,0.00561509328757042,0,0.753884207358502,3389232200,13388112200,13463712200,3313632200,0.0794285714285714,1.7305,0.110357142857143,10.3428571428571,"0_30m",655564,38014,369870,117690,129900,"GRE"
"280",1997-04-01,13764506000,5500000,14700000,0,20200000,0.000399578451998205,0.00106796422624975,0,0.00146754267824795,13759006000,13749806000,13764506000,13744306000,0.0587142857142857,1.59957142857143,0.0139285714285714,5.82857142857143,"0_30m",1937740,999700,86100,549000,279000,"GRE"
"281",1997-10-31,13925590000,611200000,110040000,0,721240000,0.043890420441791,0.00790199912535124,0,0.0517924195671422,13314390000,13815550000,13925590000,13204350000,0.426071428571429,0.898928571428571,0.106,8.56428571428571,"0_30m",617040,178200,106920,59310,167100,"GRE"
"282",1990-11-12,17108692200,2482200000,428820000,0,2911020000,0.145084146174539,0.0250644523255845,0,0.170148598500124,14626492200,16679872200,17108692200,14197672200,0.537285714285714,0.898857142857143,0.166,8.33571428571429,"0_30m",453398,229058,73500,97770,51600,"GRE"
